Data Medicao;PRECIPITACAO TOTAL, DIARIO(mm);TEMPERATURA MAXIMA, DIARIA(°C);TEMPERATURA MINIMA, DIARIA(°C);UMIDADE RELATIVA DO AR, MEDIA DIARIA(%);VENTO, VELOCIDADE MEDIA DIARIA(m/s);
2015-12-01;0;31.9;24;70;2.033333;
2015-12-02;0;31.6;25.4;59.75;1.466667;
2015-12-03;0;32;21.6;58.5;2.133333;
2015-12-04;0;32.9;21.4;59.75;1.833333;
2015-12-05;0;33;21.1;61;1.566667;
2015-12-06;0;32.8;22.9;63;1.833333;
2015-12-07;0;31.7;21;64.5;2.633333;
2015-12-08;0;32.1;23.3;56.25;1.7;
2015-12-09;0;32;26.4;63.75;2.8;
2015-12-10;0;32;25.6;63.75;1.966667;
2015-12-11;0;32.6;22.4;63;1.9;
2015-12-12;0;32.5;24.4;66.75;2.6;
2015-12-13;0;31.4;26;68.5;2.333333;
2015-12-14;0;31.9;24.4;65.25;2.766667;
2015-12-15;1.8;31.8;23;68.75;2.633333;
2015-12-16;7.4;31.6;23.8;73;1.166667;
2015-12-17;0;31.1;23;69.25;2.733333;
2015-12-18;4;30.4;24;86.25;1.666667;
2015-12-19;5.8;30.3;24;74.5;2.666667;
2015-12-20;1;32.4;23.2;70.25;2.566667;
2015-12-21;.2;31.6;24.6;69;2.766667;
2015-12-22;1.8;28.9;24.9;88;1.466667;
2015-12-23;4.7;30.7;23;72.5;1.833333;
2015-12-24;2.6;27.4;19.8;87.75;1.1;
2015-12-25;49;29.1;22;80.25;1.566667;
2015-12-26;1.3;30;23.4;70.25;2.2;
2015-12-27;4.2;29.4;23.8;79.5;1.966667;
2015-12-28;3;31;23.3;72.75;2.566667;
2015-12-29;5;30.6;24;74.75;1.133333;
2015-12-30;0;30.6;25.6;70;2.2;
2015-12-31;0;31.2;25;71;2.766667;
2016-01-01;0;31.1;22.4;64.5;1.9;
2016-01-02;0;32;23.6;66.25;1.566667;
2016-01-03;0;33.1;23;60;1.6;
2016-01-04;0;33.2;23.1;69.25;2.166667;
2016-01-05;0;32.9;24;72;2.1;
2016-01-06;0;32.1;24.4;68.75;1.366667;
2016-01-07;0;31.5;24.7;69.75;1.266667;
2016-01-08;0;31;25.6;67.75;2.066667;
2016-01-09;4.4;27.2;22.8;89.75;1.666667;
2016-01-10;25.7;30.8;21.9;73.5;1.7;
2016-01-11;3;31.3;24.3;70.5;1.466667;
2016-01-12;1;30.8;24;74.25;1.666667;
2016-01-13;0;31.5;23.9;68.75;.833333;
2016-01-14;3;31.3;24.7;68.75;1.666667;
2016-01-15;1;31.8;24.9;67.5;1.966667;
2016-01-16;2.6;32;25.2;71.75;1.5;
2016-01-17;3.6;33.2;24.4;72.75;.666667;
2016-01-18;6;28.1;24.2;91.25;.566667;
2016-01-19;14.8;32;23.6;77.5;.833333;
2016-01-20;24.8;31.2;24;79;.266667;
2016-01-21;3.2;31.4;23.8;82.75;1;
2016-01-22;13.8;30.5;24;81;1.166667;
2016-01-23;1;31;24;75;2;
2016-01-24;0;31.6;25.2;69.5;1.666667;
2016-01-25;0;31.8;24.8;69.5;1.9;
2016-01-26;3;31.3;23.5;68;1.9;
2016-01-27;0;32.3;23;64.5;1.233333;
2016-01-28;.4;31.4;26;68.5;2.766667;
2016-01-29;0;31.4;21.2;86.25;3.033333;
2016-01-30;12.7;30;20.1;79.25;1.333333;
2016-01-31;0;30;22;81;.966667;
2016-02-01;6.2;31;25;78.5;1.966667;
2016-02-02;1.6;31.3;25;69.5;2;
2016-02-03;0;32;24;70.75;1.533333;
2016-02-04;0;31.8;22.8;75;.85;
2016-02-05;0;31.6;22.4;67;2.366667;
2016-02-06;0;31.4;25.6;62.5;2;
2016-02-07;0;31.6;24.6;67;1.4;
2016-02-08;2.4;31.6;24;76.5;1.133333;
2016-02-09;4.6;31.6;24;74.5;2.533333;
2016-02-10;2;31;24.8;74.75;1.5;
2016-02-11;0;31.8;21.9;76.5;1.8;
2016-02-12;0;32.9;21;70.5;1.366667;
2016-02-13;0;32.9;23;73.25;2.066667;
2016-02-14;0;32.4;24;72;2.033333;
2016-02-15;8.4;32;25;81.5;.733333;
2016-02-16;2.8;31;23.8;72.5;2.133333;
2016-02-17;0;32;23.8;73.75;1.9;
2016-02-18;27;27.7;23.2;95.25;.266667;
2016-02-19;4.6;30.6;25.4;80.25;1.766667;
2016-02-20;1.8;31.4;24;74.75;1.966667;
2016-02-21;4.2;30;22;78.25;2.4;
2016-02-22;2;31.4;23.8;72.5;1.466667;
2016-02-23;1.6;30.6;24;85.25;1.333333;
2016-02-24;.4;30.4;25.6;null;0;
2016-02-25;.4;31.6;null;78;1.3;
2016-02-26;0;31.4;23.8;70.25;2.6;
2016-02-27;0;31.8;25;72.5;1.133333;
2016-02-28;0;32;23.4;71;1.566667;
2016-02-29;0;31.8;23.8;68.25;2.033333;
2016-03-01;0;32.6;22.9;66.5;2.233333;
2016-03-02;0;32.5;23.2;68;2.366667;
2016-03-03;8.4;31;24;91.5;.266667;
2016-03-04;45.8;31.4;24.2;81.5;2.4;
2016-03-05;0;31.2;25;75.25;2.333333;
2016-03-06;.2;32;23;69.5;1.833333;
2016-03-07;.4;32;24;71.75;1.533333;
2016-03-08;0;32;24.2;74;2.2;
2016-03-09;0;31.8;24.2;71;2.4;
2016-03-10;0;32.5;23.1;68.5;2.233333;
2016-03-11;0;33;23.4;72.5;1.2;
2016-03-12;0;33.8;24;69;2.4;
2016-03-13;0;31.8;24.2;69;2.033333;
2016-03-14;.4;30.4;23.7;83.75;2;
2016-03-15;16.2;28.3;23.2;85;1.233333;
2016-03-16;8;31.3;22.8;85.25;2.533333;
2016-03-17;52;28.1;23.6;92.5;.7;
2016-03-18;15.6;31.3;23.8;76.75;1.7;
2016-03-19;1.4;31;23.4;74.25;1.133333;
2016-03-20;0;32;22.4;80.25;.833333;
2016-03-21;0;32.1;23.7;70.75;1.133333;
2016-03-22;13;32.3;24.2;72.25;1;
2016-03-23;11.4;31.6;24.6;75.75;1;
2016-03-24;0;31.8;25.4;70.75;.966667;
2016-03-25;13.2;31.4;24.8;71.5;2.233333;
2016-03-26;2.2;31.5;23.4;73;1.966667;
2016-03-27;0;31;24.8;78;1.033333;
2016-03-28;.7;32;24.2;74.5;1.633333;
2016-03-29;11;30;24.2;86.5;.6;
2016-03-30;65.2;29.5;23.9;77;1.4;
2016-03-31;0;31;23;72.75;2.2;
2016-04-01;13;31;24.4;84.5;1.366667;
2016-04-02;1;30.3;23.8;78;3.033333;
2016-04-03;0;31.6;23.8;78;1.9;
2016-04-04;3.8;31.6;23.8;72.25;1.966667;
2016-04-05;.4;31;24;83;.933333;
2016-04-06;8.5;30.8;24.2;77;2.1;
2016-04-07;.6;31.2;24;78;2.2;
2016-04-08;0;31.4;23.6;72.25;2.066667;
2016-04-09;.8;31.8;24;72.5;.833333;
2016-04-10;0;30.8;24;84;1.4;
2016-04-11;35.2;29.4;24.7;85.25;1;
2016-04-12;6.5;29.6;23.4;79;0;
2016-04-13;2.4;30;23.6;87.5;1.566667;
2016-04-14;11;31;24.4;75.75;1.566667;
2016-04-15;0;30.5;23.8;85;2.2;
2016-04-16;101.8;27.1;23.7;94.25;.833333;
2016-04-17;58;31.2;23.6;76.5;2.766667;
2016-04-18;17.2;29.2;24.3;87;1.6;
2016-04-19;3;30.6;23;73.75;1.833333;
2016-04-20;0;30.4;24.2;71.5;1.733333;
2016-04-21;0;30.8;24;83.25;1.766667;
2016-04-22;1.2;31;24.6;71.25;1.833333;
2016-04-23;0;31.1;23;75.25;1.666667;
2016-04-24;0;31;22.2;75;1.533333;
2016-04-25;6.2;29.9;22.8;85.75;1.133333;
2016-04-26;12.8;30.6;23;83;1.666667;
2016-04-27;0;31.2;22.9;71.75;1.4;
2016-04-28;3.8;32;24;75.5;1.9;
2016-04-29;1;30.8;23.4;83;.766667;
2016-04-30;5.4;30.7;23.3;78.25;1.666667;
2016-05-01;2.9;28.4;23.2;87.75;.566667;
2016-05-02;60.9;30.2;23.8;83;1.133333;
2016-05-03;4.8;30.2;23.2;74.75;2.1;
2016-05-04;1;29.8;22;73;2.9;
2016-05-05;1.2;30.6;22.3;81;1.566667;
2016-05-06;23.4;27.7;22.7;88.5;.566667;
2016-05-07;.9;30.5;20.7;79.5;1.933333;
2016-05-08;.8;29.3;22.2;85.25;.833333;
2016-05-09;54.1;25;22.6;97;.666667;
2016-05-10;102.1;29.7;23;85.75;2.2;
2016-05-11;14;29.6;24.1;86;1.3;
2016-05-12;.8;31.4;23.7;77.75;1.133333;
2016-05-13;0;31.4;23.2;80;.833333;
2016-05-14;0;30.4;23.4;80.5;1.566667;
2016-05-15;0;30.3;21.3;73.75;1.4;
2016-05-16;.8;30.4;22.6;87.25;1;
2016-05-17;13.8;29.5;24;82.25;1.5;
2016-05-18;.6;30.2;23;83;1.366667;
2016-05-19;.8;30;22.2;74.25;2;
2016-05-20;0;30.2;22;75.5;1.3;
2016-05-21;0;31;21.6;79.5;1.566667;
2016-05-22;0;31.3;21.4;74.75;1.266667;
2016-05-23;0;31.4;21.9;70.5;1.3;
2016-05-24;10.2;27.5;22;89.25;.766667;
2016-05-25;38.8;28.5;21;90.5;.666667;
2016-05-26;8.4;28.7;21.2;83.25;1.233333;
2016-05-27;1.2;29.8;21.5;80;.833333;
2016-05-28;0;30.3;22;78;1.566667;
2016-05-29;3.8;29.6;23.4;89;.833333;
2016-05-30;119.8;26.1;23.3;90.25;0;
2016-05-31;13.2;29.2;22.8;85;.566667;
2016-06-01;null;30.1;22.1;null;0;
2016-06-02;0;30;23;85;.5;
2016-06-03;10.4;26.1;23;93;.166667;
2016-06-04;36;27.1;22.2;88;.266667;
2016-06-05;14.8;30.3;23.8;76.75;1.4;
2016-06-06;4.6;31;23.2;84.75;0;
2016-06-07;1.8;30.6;21.6;80.5;.5;
2016-06-08;.2;30.7;22;78.5;1.233333;
2016-06-09;0;31.2;21.9;78.5;1.166667;
2016-06-10;1.8;29.8;22.4;78;.8574;
2016-06-11;0;30;21.9;79.25;.68592;
2016-06-12;0;29.4;21.1;78.5;1.4;
2016-06-13;2;29.1;20.1;79.5;1.433333;
2016-06-14;11;28.1;22;85.75;1.54332;
2016-06-15;2.5;29;20.6;77.75;1.37184;
2016-06-16;0;29.1;19.5;76.75;1.233333;
2016-06-17;0;29.3;18.8;76.5;1.333333;
2016-06-18;0;29;20.2;78.75;.8574;
2016-06-19;1.6;28.1;21.4;84;.8574;
2016-06-20;1.8;28.9;22.1;75;1.7148;
2016-06-21;.4;29.2;19.8;80;1.7148;
2016-06-22;16.6;29.1;22;83.75;2.5722;
2016-06-23;7.6;28.9;22.5;86;1.37184;
2016-06-24;11.2;28.6;20.6;78.5;1.7148;
2016-06-25;0;29.2;20.4;81.5;1.20036;
2016-06-26;2.4;27.8;21.6;84.25;3.4296;
2016-06-27;6.8;27.7;21;86.75;1.02888;
2016-06-28;14.2;28.6;19.4;77.5;2.74368;
2016-06-29;.2;28.1;20.2;77.25;1.37184;
2016-06-30;.6;28.9;18.8;76;2.22924;
2016-07-01;4.4;28.5;22.2;75.5;2.05776;
2016-07-02;.4;28.1;22.8;79.5;1.37184;
2016-07-03;4.1;28.9;23;76.5;1.88628;
2016-07-04;5.4;28.3;22.1;81;.68592;
2016-07-05;3.4;28.8;21.4;80.75;2.22924;
2016-07-06;2.6;28.7;21.3;87.75;1.20036;
2016-07-07;8.2;28.5;21;83;.51444;
2016-07-08;0;29.1;21.4;84.25;1.20036;
2016-07-09;0;29;21.5;81.75;1.7148;
2016-07-10;.6;28.7;20.8;80.75;1.7148;
2016-07-11;0;29.6;20.8;78.5;1.54332;
2016-07-12;4;28;21;87.25;1.54332;
2016-07-13;25;27.8;22;91.5;0;
2016-07-14;9.6;27.9;21.8;88.75;1.54332;
2016-07-15;1.9;28.4;20.4;79.5;1.02888;
2016-07-16;1.4;28.2;19.4;89;1.37184;
2016-07-17;2.2;29.6;19.4;79;1.88628;
2016-07-18;0;29.3;20.4;78.25;.8574;
2016-07-19;0;27.3;21;88.5;2.05776;
2016-07-20;17.9;27.9;22;85.5;1.02888;
2016-07-21;.4;28.5;18.8;81;1.37184;
2016-07-22;0;28.5;18;78.5;1.54332;
2016-07-23;0;28.4;20.2;77.25;1.7148;
2016-07-24;3.2;27.6;20.6;78;2.91516;
2016-07-25;.3;28.3;21.6;78.5;2.5722;
2016-07-26;.2;28.3;18.6;80;1.7148;
2016-07-27;2.1;27.9;20.3;79;1.54332;
2016-07-28;2;28.1;20.6;80;2.22924;
2016-07-29;2.6;27.7;20.4;83.75;1.88628;
2016-07-30;5.8;28.1;19.8;76;3.08664;
2016-07-31;3.6;27.8;21.3;70.75;3.60108;
2016-08-01;0;28.5;21.6;71;2.40072;
2016-08-02;1;28.9;22;86.25;1.54332;
2016-08-03;2.4;28.1;21.8;84;1.37184;
2016-08-04;.5;28.3;20.5;79.25;1.88628;
2016-08-05;.6;27.9;19.6;78;2.05776;
2016-08-06;1.4;28.6;21;75.75;2.74368;
2016-08-07;2;28.5;19.2;79.5;.8574;
2016-08-08;0;28.7;18.6;80.5;.68592;
2016-08-09;0;28.1;18;89;1.02888;
2016-08-10;1.7;28.5;20.8;83.25;1.02888;
2016-08-11;1.3;28.5;20.2;77.25;1.20036;
2016-08-12;0;29.3;18.4;70.25;1.54332;
2016-08-13;0;29.6;19;70.75;1.20036;
2016-08-14;0;29.2;18;79.5;1.20036;
2016-08-15;1;29.1;21.4;83.25;1.02888;
2016-08-16;4.4;29.5;20.3;78.25;1.7148;
2016-08-17;0;30;21;72.75;1.54332;
2016-08-18;0;29.2;19.8;74.25;2.40072;
2016-08-19;1.2;30;21;80.75;.68592;
2016-08-20;3.1;27.8;21.6;82.25;2.40072;
2016-08-21;.4;29.6;19.8;76.5;1.88628;
2016-08-22;0;30.2;20.6;75;1.88628;
2016-08-23;.8;29.6;22.8;75;2.40072;
2016-08-24;13.8;29;21.5;68.5;3.4296;
2016-08-25;0;28.9;21.8;66.25;2.22924;
2016-08-26;0;28.9;19.2;76.75;2.40072;
2016-08-27;.4;29.2;22;72.5;3.25812;
2016-08-28;7.8;28.2;21.7;81.75;1.20036;
2016-08-29;4;29.4;20.6;71.75;2.05776;
2016-08-30;.3;29.1;22;77;3.08664;
2016-08-31;10.2;28.2;22.9;79.5;3.4296;
2016-09-01;.8;29.2;24;72.75;3.4296;
2016-09-02;7;28.9;21.8;81.75;2.91516;
2016-09-03;9.2;28.5;21.6;77.25;2.22924;
2016-09-04;.8;29.2;22.4;76.5;2.74368;
2016-09-05;6.8;28.9;22.5;75;1.7148;
2016-09-06;1.8;28.1;20.6;79;1.88628;
2016-09-07;.4;29.1;21.6;67.75;2.74368;
2016-09-08;0;29.4;23.2;72.75;2.40072;
2016-09-09;0;29.9;19.4;70.75;1.54332;
2016-09-10;9;27.7;21.6;93.25;2.05776;
2016-09-11;21.6;28;21.6;87;2.22924;
2016-09-12;0;28.5;21;72.25;1.88628;
2016-09-13;0;29.1;19.5;72.5;2.91516;
2016-09-14;0;29.5;22.2;73;1.7148;
2016-09-15;0;30.2;20.4;74.75;1.54332;
2016-09-16;0;30.4;21;78.75;2.05776;
2016-09-17;0;29.7;24.4;70.25;2.22924;
2016-09-18;0;29.7;21.2;63;2.22924;
2016-09-19;0;29.7;18.6;71.5;1.37184;
2016-09-20;0;30.6;20.2;70.75;2.22924;
2016-09-21;0;30.2;24;74.75;1.7148;
2016-09-22;0;31.3;22.2;70;1.7148;
2016-09-23;0;31.4;23.6;69.5;1.88628;
2016-09-24;0;30.3;21.4;72.5;2.05776;
2016-09-25;0;30.3;22;71.75;2.05776;
2016-09-26;0;31;19.6;73.75;1.54332;
2016-09-27;0;31.4;21;69.75;1.37184;
2016-09-28;0;30.9;23;70.5;2.22924;
2016-09-29;0;31.1;22.8;70.25;1.54332;
2016-09-30;.8;31.3;22.6;68.5;2.22924;
2016-10-01;0;30.8;23;69.5;2.40072;
2016-10-02;0;30.1;23.9;69.75;3.60108;
2016-10-03;.2;29.8;23.2;69.5;2.5722;
2016-10-04;.2;30.4;23.2;69.5;2.22924;
2016-10-05;0;31;22;68.25;1.88628;
2016-10-06;0;32.2;20.4;71.5;1.7148;
2016-10-07;0;31.7;21.3;71.25;1.20036;
2016-10-08;0;32.4;20.2;66.5;2.05776;
2016-10-09;0;31.8;23.2;67.5;2.40072;
2016-10-10;0;30.8;22;67;2.74368;
2016-10-11;0;30.3;24.2;69.75;2.74368;
2016-10-12;3.2;30.3;22;78.5;2.74368;
2016-10-13;3.2;31.6;22;67;3.08664;
2016-10-14;.2;30.8;21.8;73.25;2.91516;
2016-10-15;2.8;30.4;21.6;76.5;3.94404;
2016-10-16;0;31;22.8;67;2.5722;
2016-10-17;0;31;23;67.75;1.37184;
2016-10-18;0;31;22.4;71.25;.8574;
2016-10-19;.9;30.6;21.4;72.75;1.88628;
2016-10-20;0;31.5;23.7;73;2.22924;
2016-10-21;0;32.2;23;68.75;1.88628;
2016-10-22;0;32;23.8;70.75;2.5722;
2016-10-23;.8;31;22.6;73.25;2.5722;
2016-10-24;0;31.4;23.6;69.25;2.40072;
2016-10-25;.4;31.4;23;74.75;1.7148;
2016-10-26;.8;31.2;23.2;70;1.7148;
2016-10-27;0;31.4;23.2;67;1.88628;
2016-10-28;0;31.7;20.6;66.5;2.74368;
2016-10-29;0;32;21;72.25;2.40072;
2016-10-30;1;30.7;22.2;70;3.60108;
2016-10-31;.4;31.5;24.7;69.5;2.5722;
2016-11-01;0;31.2;24.6;69;1.88628;
2016-11-02;1;30.3;23.2;78.25;4.287;
2016-11-03;.8;31.2;22;71.5;2.74368;
2016-11-04;0;31.5;24.5;67;2.5722;
2016-11-05;0;31.6;24.2;70;2.91516;
2016-11-06;3;29.8;21.8;83;2.22924;
2016-11-07;0;31.4;22.6;71;2.5722;
2016-11-08;1.2;31.6;22.6;72.5;2.05776;
2016-11-09;0;32;25;69.25;1.7148;
2016-11-10;.5;31.9;22.4;67.5;2.05776;
2016-11-11;.8;32.4;23.7;67.5;2.05776;
2016-11-12;0;32.2;24.2;69.5;2.22924;
2016-11-13;0;32.3;23.4;68.25;2.05776;
2016-11-14;0;32.2;22;70;1.7148;
2016-11-15;5.8;32.4;23;77;1.54332;
2016-11-16;0;32.7;23.2;71.5;1.7148;
2016-11-17;.4;32.6;24.4;71.5;2.22924;
2016-11-18;1.6;31.6;24;65.75;2.31498;
2016-11-19;0;33;21.4;66.75;2.22924;
2016-11-20;0;32.5;22.1;68.5;1.7148;
2016-11-21;0;32.3;22.2;66.5;2.22924;
2016-11-22;0;32.4;23.8;67.75;1.88628;
2016-11-23;0;32.4;23;68.25;2.40072;
2016-11-24;0;32.4;24;68.5;1.88628;
2016-11-25;0;32.6;20.4;69.25;1.88628;
2016-11-26;0;32;20.8;66;2.5722;
2016-11-27;1.8;32;21.8;71.25;2.05776;
2016-11-28;.4;32;22;73.5;1.88628;
2016-11-29;0;32.2;24.1;70.25;2.22924;
2016-11-30;0;33.2;23.4;69;2.40072;
2016-12-01;0;33.2;24;66.5;2.22924;
2016-12-02;0;32.6;21.5;67.75;2.91516;
2016-12-03;0;32;24;71;1.54332;
2016-12-04;0;32.2;21;70;2.40072;
2016-12-05;0;33;22.8;68;2.05776;
2016-12-06;0;33.6;21.1;67.75;2.40072;
2016-12-07;0;32.9;22;67.5;1.7148;
2016-12-08;0;33.4;21;65.75;2.05776;
2016-12-09;0;33.2;22;65.75;1.7148;
2016-12-10;0;33.1;21.4;67;1.88628;
2016-12-11;0;33.4;21.8;65.5;2.5722;
2016-12-12;0;33.2;22.4;65.25;3.08664;
2016-12-13;0;32.4;23.6;63.25;2.05776;
2016-12-14;.2;33.3;20.2;67.75;2.05776;
2016-12-15;2;31.3;24.8;74;2.05776;
2016-12-16;7.8;30.8;22.8;77.5;1.88628;
2016-12-17;2;31;21.2;80.5;1.88628;
2016-12-18;17.6;30.7;23;72.5;2.74368;
2016-12-19;.4;30.9;24.2;71.75;1.88628;
2016-12-20;0;31.8;22;78.5;1.02888;
2016-12-21;9.2;31.4;20.6;72;2.05776;
2016-12-22;.6;31.1;24.6;73.75;3.08664;
2016-12-23;1.6;31;23.5;77.5;2.22924;
2016-12-24;14.4;31.3;22;75;1.20036;
2016-12-25;0;31.7;22.6;72.25;2.40072;
2016-12-26;0;31.4;24.5;74.75;2.22924;
2016-12-27;0;31.3;25.4;69;2.5722;
2016-12-28;1.8;29.3;24.8;80.5;2.22924;
2016-12-29;5.2;30.8;24.2;71.25;1.7148;
2016-12-30;5.2;30.7;22.5;66;2.40072;
2016-12-31;0;30.7;23.2;69.75;2.05776;
2017-01-01;.8;30.8;24.2;71;2.40072;
2017-01-02;0;32;23.5;67.5;2.22924;
2017-01-03;0;31.6;23;69;2.5722;
2017-01-04;0;31;25.8;69.5;1.88628;
2017-01-05;.2;30.6;23;71.5;2.22924;
2017-01-06;0;31.4;22.6;69.5;1.88628;
2017-01-07;3.8;31.1;21.2;70.25;2.05776;
2017-01-08;.2;31.6;22.2;72;1.7148;
2017-01-09;2.5;31;23;75.75;1.02888;
2017-01-10;2;29.8;24;71.25;1.20036;
2017-01-11;0;32.3;21.9;68;2.40072;
2017-01-12;1.7;32.4;22.2;70;1.54332;
2017-01-13;0;31.2;22.8;70;1.88628;
2017-01-14;1;32.6;22.4;66.25;2.22924;
2017-01-15;2.6;31.4;23;70;1.54332;
2017-01-16;0;31.8;23.2;67.5;2.22924;
2017-01-17;0;33;24;70.75;1.20036;
2017-01-18;0;32.4;25;65;2.22924;
2017-01-19;0;32;23.2;68;2.74368;
2017-01-20;1;32.4;21;66;1.7148;
2017-01-21;0;32.6;24.1;65.25;2.91516;
2017-01-22;.6;31.1;24;73;2.05776;
2017-01-23;1.2;32.8;23.5;69.75;2.40072;
2017-01-24;0;32.6;24;67.5;2.74368;
2017-01-25;0;33;24.6;64;2.05776;
2017-01-26;null;32.8;26;69;2.05776;
2017-01-27;8;32.2;24.1;70;1.37184;
2017-01-28;0;32.4;22.8;68.5;2.5722;
2017-01-29;0;31.8;23.1;68.75;2.40072;
2017-01-30;1.5;31.8;23.8;70.5;2.05776;
2017-01-31;1.6;32.3;24;68.5;1.88628;
2017-02-01;.2;32.7;23.6;70.5;2.5722;
2017-02-02;.4;33;24.2;68.5;1.88628;
2017-02-03;0;33;24.6;68;1.54332;
2017-02-04;0;32.6;22.6;65.75;2.22924;
2017-02-05;0;32.7;24;66.5;1.7148;
2017-02-06;0;33;25;66.5;1.37184;
2017-02-07;0;33.2;22.6;63.5;1.37184;
2017-02-08;0;33.8;24;63.5;1.54332;
2017-02-09;0;33.1;24;71;1.54332;
2017-02-10;0;33.2;25;67.75;1.7148;
2017-02-11;1.4;30.2;24;64.25;1.54332;
2017-02-12;.2;32;22;65.25;1.88628;
2017-02-13;0;31.9;22;65.5;2.40072;
2017-02-14;0;31.4;26;70;1.54332;
2017-02-15;.2;32.4;24.8;67.25;3.4296;
2017-02-16;.2;32.6;22.8;64;2.5722;
2017-02-17;0;31.3;22.8;72.5;2.22924;
2017-02-18;5.2;31.1;23;70.5;1.7148;
2017-02-19;.6;32.7;23.6;73.5;2.40072;
2017-02-20;.6;33.2;24;67.5;2.05776;
2017-02-21;4.6;32.2;22.5;71.25;2.40072;
2017-02-22;3.6;33.2;23;67.25;2.40072;
2017-02-23;.6;32.8;22;68;1.54332;
2017-02-24;2.3;33;23.8;66.75;2.05776;
2017-02-25;0;33;22.5;68.5;1.7148;
2017-02-26;1;32.9;22.7;71.5;2.05776;
2017-02-27;0;33.4;24.5;63;1.37184;
2017-02-28;0;32.7;25.6;69.5;2.40072;
2017-03-01;12.4;32.1;23.3;82;1.02888;
2017-03-02;11;31.4;23.6;69.75;.8574;
2017-03-03;0;32.2;22;70.75;2.22924;
2017-03-04;37.6;29.2;23;84;1.54332;
2017-03-05;12.4;31;23;84.25;1.37184;
2017-03-06;1.4;32;22;72;1.37184;
2017-03-07;0;31.9;23.5;73.5;1.7148;
2017-03-08;1;31.2;23.6;76.75;2;
2017-03-09;8.2;31.4;24;76.75;2.233333;
2017-03-10;7.6;30.6;24.2;70.25;1.733333;
2017-03-11;1.2;31.4;24;76.5;2.033333;
2017-03-12;26.6;29.4;23.4;83.5;1;
2017-03-13;6.6;29.8;22.8;81.5;1.566667;
2017-03-14;.6;30;23;75.25;.566667;
2017-03-15;0;30.6;22.6;77.25;1.6;
2017-03-16;0;31.1;23.6;79.75;1.666667;
2017-03-17;.8;31.8;24.2;69.75;1.733333;
2017-03-18;0;32.2;24;67.25;2;
2017-03-19;4;31.6;23.1;69.25;2.666667;
2017-03-20;0;31.8;24;70;1.933333;
2017-03-21;0;32;24.4;73;1.7;
2017-03-22;0;32.3;23.8;67.75;1.433333;
2017-03-23;.4;31.4;24;69.25;2.333333;
2017-03-24;2.2;31.9;23.2;73.25;1.7;
2017-03-25;0;32.2;21.1;69.5;2.133333;
2017-03-26;17;32.1;21;69;1.666667;
2017-03-27;0;32.6;23.6;74.5;1.5;
2017-03-28;0;32.9;24;72.25;1.366667;
2017-03-29;0;32.6;24.4;73.75;1.066667;
2017-03-30;.6;31.8;24.2;76.5;2.066667;
2017-03-31;4.6;32;25.4;75.25;2.466667;
2017-04-01;0;31.8;24;71.25;2.233333;
2017-04-02;24.1;27.7;23.8;92.5;.266667;
2017-04-03;39.2;31;24;85.25;2;
2017-04-04;.4;31.4;22.6;86;2.1;
2017-04-05;5;30.7;23.1;81.5;1.6;
2017-04-06;4.9;30.9;22.1;75.75;1.1;
2017-04-07;11.4;31.2;22.8;78;1.766667;
2017-04-08;0;31.7;22.6;76.5;2.066667;
2017-04-09;.2;31.5;23.7;77;1.633333;
2017-04-10;4.8;30.8;23.4;85;1.566667;
2017-04-11;5.2;28.7;23;95.25;0;
2017-04-12;11.4;30.2;23.2;87.25;1;
2017-04-13;61.6;27.8;23.6;92;0;
2017-04-14;11.4;31.8;23.2;84.75;1.833333;
2017-04-15;12.2;31.3;23.9;75.5;2.766667;
2017-04-16;0;31.2;24;73.5;1.266667;
2017-04-17;41.4;30.1;23.8;80.75;1.133333;
2017-04-18;0;31;21.5;78.75;.933333;
2017-04-19;1.2;31.4;22;86.5;1.233333;
2017-04-20;0;31.2;21.4;78.75;1.233333;
2017-04-21;0;32;21.5;77.75;1.4;
2017-04-22;0;31.7;21.6;72;1.4;
2017-04-23;28.8;31.2;21;84;1;
2017-04-24;1.2;31.4;22;76;1.333333;
2017-04-25;0;30.3;23.6;77.25;1.766667;
2017-04-26;0;30.6;22;74.25;1;
2017-04-27;0;31.8;22;73.75;1.433333;
2017-04-28;2.6;31.2;23.6;79.5;1.866667;
2017-04-29;.2;31.3;22.3;82.75;2.133333;
2017-04-30;22.7;30.5;22.4;74.25;1.7;
2017-05-01;4.4;30;22.8;80.25;2;
2017-05-02;.6;28.9;20.6;93.25;1.333333;
2017-05-03;60;28.8;21;88.25;.9;
2017-05-04;1.4;29.1;20.8;82.5;1.7;
2017-05-05;.2;30.8;21.6;73.25;1.7;
2017-05-06;8.4;29.6;22;94.5;.4;
2017-05-07;19.7;29.7;22.6;87.5;1;
2017-05-08;8.1;26.8;23;93.5;1.2;
2017-05-09;17.1;29.5;18.6;93.25;.566667;
2017-05-10;6.2;30;23;78.75;.833333;
2017-05-11;3;29.8;22.6;87.25;.833333;
2017-05-12;0;30;23.4;77;1.466667;
2017-05-13;0;30.8;20.7;70.5;1.766667;
2017-05-14;0;31;21.6;77.5;1.4;
2017-05-15;0;31;22.4;78.25;.566667;
2017-05-16;0;33.2;22.3;77;1.4;
2017-05-17;0;32.2;22.2;74;.833333;
2017-05-18;0;31.6;23.4;74.75;1.3;
2017-05-19;.6;31.4;23;76.5;1.833333;
2017-05-20;16;29.8;23.7;81.75;1.566667;
2017-05-21;5.4;30.9;23.2;73.5;1.433333;
2017-05-22;15.6;31.6;23.6;77;1.133333;
2017-05-23;0;32.1;21.6;81;1.233333;
2017-05-24;4.6;30;22.8;88.25;1.566667;
2017-05-25;29.4;28.9;20.2;92.75;.433333;
2017-05-26;1;28.7;21;90;.666667;
2017-05-27;0;30;22.4;85.75;.566667;
2017-05-28;49.6;28.1;23.8;92;3.266667;
2017-05-29;72.9;26.7;19.8;89.25;2.333333;
2017-05-30;2.2;28;22.2;85.75;1.333333;
2017-05-31;73;27.2;23;96;.6;
2017-06-01;33.9;28.3;22.3;90;1.566667;
2017-06-02;7;29.4;22.1;90.25;0;
2017-06-03;2.6;28.7;22.8;87.25;1.6;
2017-06-04;12.9;29;22.5;83.75;1.833333;
2017-06-05;3.6;29.6;21.8;86;1.466667;
2017-06-06;49.4;31.8;22;82.5;1.566667;
2017-06-07;1;29.8;23;78.75;1.3;
2017-06-08;6.7;30.6;22.4;81;1.666667;
2017-06-09;6.3;30.3;22.8;86.25;1.9;
2017-06-10;28.4;29.4;22.5;89.25;.566667;
2017-06-11;6.1;29.1;21.4;84.25;.833333;
2017-06-12;2.1;29.7;20.6;82.5;2.266667;
2017-06-13;19.2;29.9;22.6;78;2.566667;
2017-06-14;7.7;29.1;21;87.5;1.4;
2017-06-15;15.4;24.5;21.6;93.5;1.233333;
2017-06-16;47.3;29.2;20.8;88.25;1.166667;
2017-06-17;.6;29.1;21;85;1.133333;
2017-06-18;11;30;22;85.75;2.233333;
2017-06-19;10.2;29.7;21;83.5;1.733333;
2017-06-20;3.5;29.1;21.6;90.25;1.566667;
2017-06-21;14.4;29.4;22;85.25;2.166667;
2017-06-22;5.4;29.1;21.2;83.75;1.766667;
2017-06-23;5.4;29.3;22.8;85.25;1.866667;
2017-06-24;49.2;26.3;21.5;94.25;.9;
2017-06-25;31.6;31.7;21.5;86.75;2.1;
2017-06-26;6.6;28.1;21.2;84.5;1.233333;
2017-06-27;0;28.9;22.2;79.5;2.766667;
2017-06-28;21.2;25.2;21.8;95.25;1.5;
2017-06-29;40.4;26.4;22.3;95.5;1.133333;
2017-06-30;40.7;28.7;22.6;91;1.1;
2017-07-01;23.3;28.9;22;92.75;.533333;
2017-07-02;14.6;29.1;21;88.25;1.633333;
2017-07-03;7;28.8;20.7;90;1.966667;
2017-07-04;10.3;29;20.9;84;4.5;
2017-07-05;20.2;26.9;20.6;89.75;1.966667;
2017-07-06;29.4;26.3;21.1;91.25;1.133333;
2017-07-07;11.8;27.2;21.2;89.5;1.966667;
2017-07-08;14.2;27.9;20.8;85;2.066667;
2017-07-09;14.2;26.7;20.8;93.5;1.6;
2017-07-10;20.7;27.5;21.4;79.25;2.233333;
2017-07-11;.8;28.5;22.6;85.25;1.9;
2017-07-12;3.4;27.9;21.6;81.25;2.766667;
2017-07-13;.2;27.9;19.4;86.5;2.9;
2017-07-14;5.8;27.9;19.4;82.75;1.9;
2017-07-15;3.4;28.1;20.6;73.75;2.766667;
2017-07-16;2;27.1;21.6;91;1.133333;
2017-07-17;7.5;27.9;20.6;85.25;2.333333;
2017-07-18;1.8;27.1;19.8;82.5;1.4;
2017-07-19;1;26.1;20.8;91.25;1.3;
2017-07-20;26.3;26.8;20.8;96;1.766667;
2017-07-21;81.6;28.7;21.4;93.25;.833333;
2017-07-22;42.1;27.6;21.3;87.25;1.433333;
2017-07-23;10.7;28.1;21;84.75;.766667;
2017-07-24;8.5;28.4;21;80.75;1.4;
2017-07-25;16.8;27.6;20.8;86;2.9;
2017-07-26;2.3;28.3;21;81.25;2.3;
2017-07-27;11.2;28.2;21;94.25;2.5;
2017-07-28;65;25.5;20.6;87.25;2.033333;
2017-07-29;20.5;27.5;20.8;87.5;2.6;
2017-07-30;10.1;27.1;21.2;84.25;2.366667;
2017-07-31;3.8;27.5;21;86.5;1.433333;
2017-08-01;7.8;25.9;19.8;92.25;.766667;
2017-08-02;15.3;27.1;20.6;93.25;.833333;
2017-08-03;7.2;28;19.4;81;1.833333;
2017-08-04;0;29.4;19;84.5;1.1;
2017-08-05;0;29.5;19.8;84;.933333;
2017-08-06;0;28;19.6;83.75;1.4;
2017-08-07;5.6;27.6;20.6;85.75;.833333;
2017-08-08;.4;28.7;18.6;81.75;1.566667;
2017-08-09;1.4;29.7;20.4;78.75;1.1;
2017-08-10;0;28.1;20.6;80.25;1.733333;
2017-08-11;0;28.6;19.4;78;1.566667;
2017-08-12;0;29.4;19.8;73.5;2.666667;
2017-08-13;1.4;28.9;20.6;85;1.5;
2017-08-14;2.3;28.4;20.4;80.75;1.5;
2017-08-15;0;29.1;18.1;79.75;1.4;
2017-08-16;0;29;19.4;79.75;1;
2017-08-17;0;27.6;19.8;86.25;1;
2017-08-18;9.8;28.4;21.6;88.25;1.266667;
2017-08-19;21.7;27.4;21;87.25;.833333;
2017-08-20;1.8;29.1;20.8;81.75;2.066667;
2017-08-21;0;29.2;20.6;78.75;1.5;
2017-08-22;3;28.1;21;85.25;1.933333;
2017-08-23;8.8;28.7;20.7;83.75;1.466667;
2017-08-24;1.2;28.5;20.2;80.5;2.833333;
2017-08-25;.8;29;22.2;77.75;3.233333;
2017-08-26;11.2;27.3;21.3;86.5;.833333;
2017-08-27;10;27.2;20.4;85;1.4;
2017-08-28;2.4;28;22.5;null;1.7;
2017-08-29;0;28;17.8;79.5;2.033333;
2017-08-30;0;29.6;20.6;72.25;2.5;
2017-08-31;0;28.2;19.6;76.75;2.266667;
2017-09-01;0;29.2;20.2;73.25;2.333333;
2017-09-02;.4;28.1;19.5;80.25;2.233333;
2017-09-03;7;27.6;19.4;79.5;3.5;
2017-09-04;2;28.8;20.4;68.5;1.966667;
2017-09-05;0;29.2;20.2;75.25;1.866667;
2017-09-06;3.2;29.4;21.4;78.5;2.066667;
2017-09-07;1.4;28.6;22;77.5;3.1;
2017-09-08;5.6;28.6;21.9;84.5;1.933333;
2017-09-09;5.4;28.1;20.4;84.75;2.6;
2017-09-10;3.1;28.2;22;74.75;3.1;
2017-09-11;.6;28.3;21.4;82.75;3.1;
2017-09-12;6;29;21.4;84.5;2.366667;
2017-09-13;7;28.9;21.4;93;3.1;
2017-09-14;3.5;28.1;21.2;83.5;2.7;
2017-09-15;2;28.5;20.6;81.75;2.633333;
2017-09-16;5.8;27.5;21.4;82.75;2.533333;
2017-09-17;3.6;28.2;19.8;80.25;1.566667;
2017-09-18;4.6;29;21.4;74.25;2.3;
2017-09-19;1.2;27.7;21.7;78;2.166667;
2017-09-20;10.3;28.4;21.4;81.25;1.933333;
2017-09-21;3.4;29.1;21.4;74;2.4;
2017-09-22;0;29.2;22.6;76.75;2.6;
2017-09-23;0;28.2;23.2;70.25;3.566667;
2017-09-24;1.8;27.9;18.6;82.25;2.9;
2017-09-25;.4;29.6;21.6;70;2.666667;
2017-09-26;1;28.9;19.8;80.5;1.633333;
2017-09-27;.6;29.2;23;81.25;2.766667;
2017-09-28;1.8;29.3;22;79.75;2.233333;
2017-09-29;2.4;29.7;23.8;72.25;2.4;
2017-09-30;0;29.6;22.8;73.75;2.5;
2017-10-01;.2;29.6;20.8;75;2.433333;
2017-10-02;0;29.8;21.7;73.75;2.666667;
2017-10-03;0;30.6;23.6;null;.85;
2017-10-04;.6;30.2;23.2;73.5;2.933333;
2017-10-05;5;29.7;20.2;76.25;2.266667;
2017-10-06;1.6;29.3;21.6;75.75;3.366667;
2017-10-07;.6;30;21.4;69;2.5;
2017-10-08;1.6;28.1;23;80.25;2.1;
2017-10-09;8;29.4;20.4;73;1.733333;
2017-10-10;1.2;28.7;21;85.5;2.166667;
2017-10-11;1.6;29;22.2;76.25;2.766667;
2017-10-12;.6;29.8;21.4;74.5;2.4;
2017-10-13;0;30.4;21.8;65.25;2.766667;
2017-10-14;.2;30.3;22;75.25;2.166667;
2017-10-15;0;29.3;20.8;73;1.8;
2017-10-16;2;29.1;21.8;77.75;1.966667;
2017-10-17;7.9;30.3;21.6;74;2.033333;
2017-10-18;3.2;30.1;21.6;78;2.6;
2017-10-19;1.4;30;22.6;75.5;2.833333;
2017-10-20;8;29.6;22;81;2.3;
2017-10-21;2;29.4;22.7;76.25;1.566667;
2017-10-22;1.6;29.9;22.8;70.25;2.333333;
2017-10-23;2;28.9;21.4;90.25;1.466667;
2017-10-24;9.2;29.4;22;82.5;2.466667;
2017-10-25;1;29.9;22.6;80;2.233333;
2017-10-26;2.7;30.2;22.8;83.5;2.8;
2017-10-27;.9;30;22.6;78.75;2.866667;
2017-10-28;0;29.9;24;71.25;2.4;
2017-10-29;0;31;24.2;75.5;1.8;
2017-10-30;0;31.3;23;71.25;2.666667;
2017-10-31;0;32.5;24;74.25;2.4;
2017-11-01;0;32;21;75.75;1.566667;
2017-11-02;0;30;24;75.25;2.3;
2017-11-03;0;31.8;23.8;72.75;2.433333;
2017-11-04;0;31;24.4;71;2.9;
2017-11-05;0;30.8;23.4;70.75;1.966667;
2017-11-06;0;31.9;20.8;71;2.466667;
2017-11-07;0;31.4;21.8;71.25;2.066667;
2017-11-08;1;31.8;22.8;71.5;2.5;
2017-11-09;.2;31;20.8;74.75;1.133333;
2017-11-10;0;32.2;22.4;66.5;2.266667;
2017-11-11;1.2;32.5;21.2;69.25;1.466667;
2017-11-12;0;31.2;20.6;69.25;2.233333;
2017-11-13;0;32.3;23.4;70.25;2.633333;
2017-11-14;0;32;22.9;68.75;2.033333;
2017-11-15;2.4;31;19.5;73.5;2.866667;
2017-11-16;1.6;30.5;21.7;70.5;3.166667;
2017-11-17;3.4;30.9;22.6;74.5;2.066667;
2017-11-18;.8;31.1;22.8;71;2.4;
2017-11-19;0;32;20.9;73.25;2.933333;
2017-11-20;0;32;22.4;66.5;2.2;
2017-11-21;0;32;21;73;2.333333;
2017-11-22;0;32.8;23.2;68;2.533333;
2017-11-23;0;31.9;21.7;75.75;1.933333;
2017-11-24;0;32.2;24;69;2.066667;
2017-11-25;4;32.1;23.9;69;2.133333;
2017-11-26;0;31.4;23.8;68.25;2.8;
2017-11-27;0;31.2;20.2;71.75;2.466667;
2017-11-28;0;32.4;20.6;69.5;2.1;
2017-11-29;0;31.9;24.6;72.5;2.333333;
2017-11-30;.2;33;22;69.75;2.633333;
2017-12-01;1.1;33.1;22.7;71;2.266667;
2017-12-02;.8;32;22;71.75;2.266667;
2017-12-03;0;32.1;21.5;74.5;2.4;
2017-12-04;0;31.9;24.3;76.25;2.433333;
2017-12-05;0;32.5;22.8;72.75;2.833333;
2017-12-06;0;32.5;22.2;67.75;2.566667;
2017-12-07;0;33.4;21.4;72.75;1.866667;
2017-12-08;0;33.5;21.8;69.5;1.833333;
2017-12-09;0;33.4;23.1;63.5;2.8;
2017-12-10;0;33.6;22.8;74.75;3;
2017-12-11;0;33.7;22;71;2.233333;
2017-12-12;0;33.2;22.8;69.75;2;
2017-12-13;0;32;24.4;65.75;2.3;
2017-12-14;0;31.9;20.2;66.25;1.7;
2017-12-15;0;32.7;23.2;72.75;3.033333;
2017-12-16;0;32.9;24.2;71.25;2.666667;
2017-12-17;.6;31;24.8;70.75;2.466667;
2017-12-18;0;33.1;24;68.5;2.466667;
2017-12-19;0;32.2;23.3;86.75;1.666667;
2017-12-20;10.8;30.2;23.2;77.5;2.233333;
2017-12-21;.6;31.8;22.8;80;2.633333;
2017-12-22;.3;31.2;23.3;71.5;1.966667;
2017-12-23;3.4;30;23.5;83.75;1.733333;
2017-12-24;8.2;30.8;23;75.75;2.666667;
2017-12-25;0;31.2;22.6;68.75;2.233333;
2017-12-26;4;30.4;23;75.5;1.633333;
2017-12-27;.3;31.8;23;73.5;2.766667;
2017-12-28;.2;32.1;23;66.75;2.5;
2017-12-29;0;32;25;66.75;1.566667;
2017-12-30;0;32.6;22;69.75;2.5;
2017-12-31;0;32;22.4;69.25;1.1;
2018-01-01;0;32.4;23.2;71;2.666667;
2018-01-02;0;31.9;21.8;70;1.5;
2018-01-03;0;33.3;21.2;66.25;2.666667;
2018-01-04;0;33.8;22.2;67;2.5;
2018-01-05;0;32.9;24.6;67.75;2.666667;
2018-01-06;1;33;22.4;66.75;2.233333;
2018-01-07;0;32.1;25.7;64.75;2.133333;
2018-01-08;9.6;31.6;22.6;73;2.733333;
2018-01-09;0;32.1;21.8;68.25;2.133333;
2018-01-10;23.4;30;22.7;87.25;1.033333;
2018-01-11;3.6;32;21.9;77.75;2.466667;
2018-01-12;.2;32;22.4;72;2.233333;
2018-01-13;.2;31.7;23.2;70.5;2.3;
2018-01-14;3.2;31.9;24.4;72.25;3.2;
2018-01-15;2.6;30.2;23;78.25;2.8;
2018-01-16;1.2;30;23.2;72.25;3;
2018-01-17;0;30.4;23.2;73;2.5;
2018-01-18;13.4;30.7;21.8;81;2.466667;
2018-01-19;30.4;27.1;22.5;90.5;1;
2018-01-20;46.6;30;22.2;72.25;2.333333;
2018-01-21;3;31.2;21.8;69.75;2;
2018-01-22;.8;31;21.9;70.5;2.666667;
2018-01-23;3.8;31.3;22;71.25;1.833333;
2018-01-24;6.2;30;22.6;74.75;2.466667;
2018-01-25;2.4;30;22.2;74;1.7;
2018-01-26;0;31;22.4;73.25;2.4;
2018-01-27;.6;31.8;23;69.25;1.633333;
2018-01-28;0;31;22.2;74.75;2.033333;
2018-01-29;1.2;31.7;24;69;1.966667;
2018-01-30;.2;32;23.8;72;1.733333;
2018-01-31;0;32;25.2;72.25;2;
2018-02-01;0;31.8;22.8;74;2.133333;
2018-02-02;.2;32.2;23.2;76;2.066667;
2018-02-03;0;32.3;21.8;74;1.666667;
2018-02-04;0;32;21.4;67.5;1.7;
2018-02-05;0;32;23;74.25;2.8;
2018-02-06;0;32.6;25.4;75;2.666667;
2018-02-07;0;32.8;25.6;73;2.233333;
2018-02-08;0;32.4;25.2;69.5;1.233333;
2018-02-09;20.6;31.8;23.5;86.25;.666667;
2018-02-10;5.4;30.1;23.5;75.5;2.5;
2018-02-11;.4;32.2;22.1;68;2.233333;
2018-02-12;.6;31.2;21.9;70.75;1.8;
2018-02-13;2.1;31;22.9;82.25;2.266667;
2018-02-14;13;28;23;88.5;1.766667;
2018-02-15;13.4;30.8;22;81.25;1.833333;
2018-02-16;1.2;30.8;24.8;74.5;1.733333;
2018-02-17;4;31;24;84.25;3.266667;
2018-02-18;33.6;29.6;23;87.5;.666667;
2018-02-19;12.6;30.7;23;83.75;1;
2018-02-20;6.8;30.6;23;79.25;.8;
2018-02-21;29.2;31.8;22.4;79.5;2.166667;
2018-02-22;0;31.1;22;78.75;2.133333;
2018-02-23;1;31.6;22.8;81.5;1.1;
2018-02-24;.3;31.6;23;72.75;.9;
2018-02-25;1.4;31;22.2;77;1.1;
2018-02-26;.2;31.3;21.2;74.75;2.066667;
2018-02-27;0;32.1;21.8;75;2.6;
2018-02-28;.2;31.4;24.2;77;1.866667;
2018-03-01;1;31.4;22;77;1.833333;
2018-03-02;0;32;21.8;75;2.233333;
2018-03-03;0;32.4;23.2;69.75;1.333333;
2018-03-04;.6;30.6;23.2;75;.266667;
2018-03-05;2;32;22.4;77.5;1.766667;
2018-03-06;13.8;31.3;23.1;88;1.166667;
2018-03-07;.2;32.9;22.4;72.75;2.133333;
2018-03-08;0;32.5;22;70.5;2.2;
2018-03-09;0;33.2;22.8;74;1.4;
2018-03-10;0;32.1;22.9;70.25;1.433333;
2018-03-11;0;32.8;22.8;74;1.933333;
2018-03-12;0;33.6;23;70;2.833333;
2018-03-13;null;32;null;null;0;
2018-03-14;0;33;24.1;72.5;1.5;
2018-03-15;8.2;32;23.2;77.5;1.8;
2018-03-16;7.3;31.9;23.2;77;1.2;
2018-03-17;0;32;21.4;69.75;1.666667;
2018-03-18;0;32.1;21.6;71.25;1.766667;
2018-03-19;0;32.5;21.9;71;1.166667;
2018-03-20;1.4;32.6;23.5;73.25;2.733333;
2018-03-21;0;31;24;69.25;1.566667;
2018-03-22;0;31.8;24;72.5;2.166667;
2018-03-23;2.6;32.6;24;73;1.1;
2018-03-24;2;32.1;22.2;82;2.233333;
2018-03-25;23.2;29.1;21.8;78.25;1.233333;
2018-03-26;8.3;30.1;21.8;86.25;1;
2018-03-27;0;30.9;22.4;89.5;1.666667;
2018-03-28;7.8;31.8;22.8;83.5;.666667;
2018-03-29;14.2;26.5;21.8;92;1.166667;
2018-03-30;24;28.8;22;86.25;1.233333;
2018-03-31;4;30.2;23.2;82.25;1.233333;
2018-04-01;3.2;28.4;23;86.75;1.266667;
2018-04-02;24;31.1;23;83;1.1;
2018-04-03;3.6;31.5;22.8;77.25;1.633333;
2018-04-04;0;31;23.2;78;1.166667;
2018-04-05;1;32;23.2;75.5;1.5;
2018-04-06;5.6;30.6;23.2;90.75;.266667;
2018-04-07;81.9;30.8;23.2;90;.4;
2018-04-08;18;27.5;23.2;88.75;.566667;
2018-04-09;0;29.1;21.8;78;.666667;
2018-04-10;1;30.4;22.4;80.25;1.333333;
2018-04-11;41;25.1;21.6;94.75;.4;
2018-04-12;6.2;30;22.3;91.75;1;
2018-04-13;26.9;30.7;23;77.5;1.133333;
2018-04-14;11.4;29.8;21.8;91.25;.733333;
2018-04-15;12.4;29;22.7;92.75;1.233333;
2018-04-16;14.4;29.1;22.5;84.25;1.933333;
2018-04-17;7.2;30.9;22;80.25;1;
2018-04-18;7.4;29.9;23;null;1;
2018-04-19;9.2;29.9;22.3;88.75;1.566667;
2018-04-20;21.3;29.7;22.6;83.5;.5;
2018-04-21;8.6;30;22;85.25;.933333;
2018-04-22;48.6;28.2;22.6;93;.833333;
2018-04-23;60.1;29.2;22.7;88.25;1.866667;
2018-04-24;8.4;30.4;23.2;90;1.566667;
2018-04-25;24.8;29.1;22.8;87.75;.933333;
2018-04-26;2;30;22.6;84;1.666667;
2018-04-27;0;30;21.8;86.25;1.4;
2018-04-28;1;30.4;21.6;78.25;1.766667;
2018-04-29;1;30.4;22.2;80.5;1.233333;
2018-04-30;33.8;26.2;22.8;96.75;.266667;
2018-05-01;38.3;30.7;21.7;80.5;1.433333;
2018-05-02;1;30.8;22.2;82.25;.166667;
2018-05-03;12.2;29.9;23;86.75;1.533333;
2018-05-04;7.4;30;22.4;82.25;2.266667;
2018-05-05;15.8;29.1;22.2;89.5;.933333;
2018-05-06;38;29.4;21.9;82.25;1.3;
2018-05-07;.2;29.9;21.5;82.5;1;
2018-05-08;0;30.3;21;82.25;1.866667;
2018-05-09;0;27.9;22.9;87.75;.7;
2018-05-10;1.8;29.4;20.4;80.25;1.833333;
2018-05-11;11.6;29.7;22.1;89;1.466667;
2018-05-12;24.8;30.6;23.2;87;1.033333;
2018-05-13;1.6;30.4;22;79;1.833333;
2018-05-14;.4;29.4;21.6;76.25;1.7;
2018-05-15;19.6;30.1;23.1;83.25;2.466667;
2018-05-16;5.6;30;21.6;86.75;2.1;
2018-05-17;21.4;30.3;21.8;87;1.4;
2018-05-18;2.9;30.1;22.4;86.5;1.333333;
2018-05-19;.5;30.6;20.8;81.75;.6;
2018-05-20;0;31.3;20.3;80.75;.833333;
2018-05-21;.2;31.3;22.6;80.25;1.5;
2018-05-22;.2;30.3;21.9;78;1.4;
2018-05-23;2;29.1;21.6;82;1.333333;
2018-05-24;0;30;23.5;null;0;
2018-05-25;15.1;29.1;22.5;79.25;2.333333;
2018-05-26;1;30.7;20.6;75.75;.933333;
2018-05-27;1;29.4;19.8;78;1.666667;
2018-05-28;3.4;29.6;21.6;86.5;1.866667;
2018-05-29;1.6;29.6;21;81.75;1.766667;
2018-05-30;.3;29.6;21.8;79;1.433333;
2018-05-31;3.7;29.2;22.2;83.5;1.8;
2018-06-01;.2;31;19.8;81.75;1.133333;
2018-06-02;.4;29.6;21.4;88;.933333;
2018-06-03;10.5;29.8;23;85.25;1.233333;
2018-06-04;2.6;29;22.3;83.5;1.766667;
2018-06-05;1.8;29.2;19.2;83;1.8;
2018-06-06;.4;30.2;20.6;81.75;.333333;
2018-06-07;22.2;30;22.4;93;.7;
2018-06-08;4;30.5;22.7;81.75;1.3;
2018-06-09;0;30.1;20.3;79.75;.566667;
2018-06-10;.2;29.1;21;80;2.5;
2018-06-11;1.2;29.8;21.2;81.25;1.133333;
2018-06-12;0;29.4;19.2;75;2.6;
2018-06-13;0;29.1;23.6;79.5;2.666667;
2018-06-14;4;27.2;19.5;87.5;.8;
2018-06-15;1.9;29.4;20.4;86;.833333;
2018-06-16;4.4;28.5;22;85;1.433333;
2018-06-17;0;27.5;19.6;87.25;1.133333;
2018-06-18;23.8;28.3;20.1;84.25;1.233333;
2018-06-19;.6;28.3;19.8;91.5;.833333;
2018-06-20;19;28.7;19.8;80;2;
2018-06-21;.4;28.8;19.2;84;1.333333;
2018-06-22;.6;29.2;21.4;78.5;1.5;
2018-06-23;0;30;19.6;77;3.433333;
2018-06-24;6.4;29;19.8;77.5;2.566667;
2018-06-25;2.6;28.4;20.6;77.5;2.8;
2018-06-26;.8;28.4;19;84.5;1.066667;
2018-06-27;11.8;28.5;21;87.25;1;
2018-06-28;9.4;27.5;21.4;91;1.366667;
2018-06-29;13.2;28.1;19.4;80.25;1.1;
2018-06-30;.6;28.8;18.2;77.75;.833333;
2018-07-01;0;29;19.2;80.25;.566667;
2018-07-02;8.9;28.7;20.8;90;1.366667;
2018-07-03;5.8;27.3;21.2;83.5;1.1;
2018-07-04;.4;28.3;18.6;79.75;1.966667;
2018-07-05;0;28.5;19.2;82.5;2.266667;
2018-07-06;11.2;27.8;21.6;88;.833333;
2018-07-07;4.3;28.7;22;84.75;1.333333;
2018-07-08;0;28.2;19.4;83;.9;
2018-07-09;.6;28.1;18.8;80.5;1.866667;
2018-07-10;0;28;21;84.5;2.033333;
2018-07-11;1.8;28.4;22;83;2.166667;
2018-07-12;2.6;27.3;20.2;84;1.7;
2018-07-13;0;28.9;21.4;79.25;2.1;
2018-07-14;.6;28.7;18.8;80.25;1.666667;
2018-07-15;0;29.2;18.6;80;2.133333;
2018-07-16;0;28.9;18.8;73.5;1.533333;
2018-07-17;3.2;28.7;17.8;85.5;.566667;
2018-07-18;15;27.4;20.3;83.25;2.633333;
2018-07-19;0;28.8;20.8;70.75;2.133333;
2018-07-20;8;27.6;19.8;85.75;3.1;
2018-07-21;.2;27.4;19.7;79.75;1.666667;
2018-07-22;0;27.8;18.6;85.75;1.833333;
2018-07-23;.4;27.7;21.7;82.25;1.666667;
2018-07-24;2.6;28.2;22;72.5;1.9;
2018-07-25;1.8;28.1;20.6;77.75;2.233333;
2018-07-26;3.6;28.4;20.6;81.25;.833333;
2018-07-27;4;24.1;20.8;94.75;2.066667;
2018-07-28;11.9;27.7;20.4;76;2.133333;
2018-07-29;0;28.6;20.4;78.5;1;
2018-07-30;.3;28.1;19.2;88.5;1.733333;
2018-07-31;48.1;27.9;21.4;92.25;1.8;
2018-08-01;7;28;21;84;1.366667;
2018-08-02;2.4;27.5;20.8;77.75;2.233333;
2018-08-03;0;27.9;18;76.5;2;
2018-08-04;0;29.1;18.2;79;2.133333;
2018-08-05;0;28.5;20.2;78.75;1.266667;
2018-08-06;0;28.8;19;82.25;1.933333;
2018-08-07;3.1;29.2;21;78.75;3.266667;
2018-08-08;1.8;28.8;19.5;86;.9;
2018-08-09;3.2;27.8;21.6;92;1.4;
2018-08-10;5;28.3;19.8;81.25;1.5;
2018-08-11;0;30;18;82.75;1.133333;
2018-08-12;.8;29.6;19.6;79.75;1.833333;
2018-08-13;.6;30;21.6;78;1.633333;
2018-08-14;.2;29.1;21.8;80.25;1.4;
2018-08-15;0;29.2;20.2;76.25;2.566667;
2018-08-16;5.2;28.5;21.3;77.5;1.766667;
2018-08-17;0;28.5;22.6;72.25;2.1;
2018-08-18;0;28.1;20.2;78.5;2.3;
2018-08-19;0;29.1;21.8;71.5;3.233333;
2018-08-20;.8;28.3;21.7;81.5;2.2;
2018-08-21;7;27.8;21;86.25;1.133333;
2018-08-22;.8;28.2;19.8;75.75;1.833333;
2018-08-23;.8;28.5;20.2;78;2.2;
2018-08-24;0;28.4;18.8;83.5;2.5;
2018-08-25;15;28.3;21.6;82.75;1.566667;
2018-08-26;5;28.9;21;79.75;3.666667;
2018-08-27;.6;29.2;19;75.5;2.433333;
2018-08-28;9.2;28.4;20.1;79.25;2.5;
2018-08-29;19.4;27.7;20.6;84.25;2.2;
2018-08-30;5.8;27;19;87.5;.466667;
2018-08-31;4.7;28.3;19.6;74.5;2.066667;
2018-09-01;0;28.9;18.6;85.75;2.333333;
2018-09-02;18.9;27.7;21;81.5;2.233333;
2018-09-03;0;28.4;19.8;74;2.733333;
2018-09-04;0;29.5;19.2;76.25;2.2;
2018-09-05;0;27.9;19;75.25;.933333;
2018-09-06;0;28.9;19.8;75.75;2.166667;
2018-09-07;0;29.2;21.9;75.25;2.3;
2018-09-08;0;28.8;19.6;73.5;2.433333;
2018-09-09;4.2;28.9;21.4;82.5;2;
2018-09-10;4.2;27.4;21.6;85.75;1.566667;
2018-09-11;3.6;27;22.6;77;2.5;
2018-09-12;.4;28.2;22;76;1.566667;
2018-09-13;0;28.3;20.6;77.5;.833333;
2018-09-14;0;28.3;18.7;74;1.233333;
2018-09-15;.4;29.1;21;77.5;1.233333;
2018-09-16;6;29.1;22;84.75;2.6;
2018-09-17;1.4;29.8;22;75;2.766667;
2018-09-18;.8;28.7;22.8;73.5;2.9;
2018-09-19;3;29;21.6;83.75;1.966667;
2018-09-20;1;29.2;21.9;76.5;2.2;
2018-09-21;2.8;28.6;23.5;76.5;2.233333;
2018-09-22;.2;29.7;22.1;69.25;1.966667;
2018-09-23;0;28.2;19.5;84.25;2.233333;
2018-09-24;.8;29.7;19.4;78;2.866667;
2018-09-25;.2;29.6;22;77.75;2.066667;
2018-09-26;0;29.4;23;74.75;3.166667;
2018-09-27;0;29.6;19.8;86.25;2.733333;
2018-09-28;7;30.3;22;80.5;2.766667;
2018-09-29;3.6;29.7;22;81.75;2.066667;
2018-09-30;0;29.9;23;71.75;2.2;
2018-10-01;0;29.6;20.8;67;2.4;
2018-10-02;0;29.6;19.8;75.25;1.3;
2018-10-03;0;29.5;21.8;78.75;2.433333;
2018-10-04;1;30.7;22.6;77.25;2.333333;
2018-10-05;0;29.8;23;75;2.966667;
2018-10-06;0;29.4;22;72;2.433333;
2018-10-07;2;28.6;23.8;85;2.566667;
2018-10-08;6.1;29.6;22.6;75;2.933333;
2018-10-09;0;29.2;22.6;74.75;2.7;
2018-10-10;0;30.6;23;68.25;2.433333;
2018-10-11;0;30.3;23.2;73.5;1.966667;
2018-10-12;0;29.6;22.2;74.5;2.233333;
2018-10-13;1.7;29;22.6;75.5;2.733333;
2018-10-14;0;29.6;21.4;73.5;1.666667;
2018-10-15;0;30;21.6;76.5;2.233333;
2018-10-16;.8;30.9;22.4;73.75;1.966667;
2018-10-17;.4;31.1;22.5;70.25;2.4;
2018-10-18;1;31;22.8;68.25;2.466667;
2018-10-19;0;31.4;21.8;70.5;2.2;
2018-10-20;0;31.3;21.3;66.75;2.233333;
2018-10-21;0;32.8;21.1;74;.666667;
2018-10-22;0;33.2;21;70;2.566667;
2018-10-23;0;30.5;23.4;72;2.7;
2018-10-24;0;30.7;23.2;68.5;1.4;
2018-10-25;0;30.8;24;68.75;2.5;
2018-10-26;0;30.8;22.6;70;2.4;
2018-10-27;0;32;22.1;67.25;2.7;
2018-10-28;0;31.7;22;62.75;2.766667;
2018-10-29;0;31.8;21.4;72.75;2.433333;
2018-10-30;0;31.6;24.8;73;2.833333;
2018-10-31;10.8;31.2;21.8;74;2.333333;
2018-11-01;0;31;22.4;67.5;2.233333;
2018-11-02;0;32;22;71.25;2.266667;
2018-11-03;0;31.2;23.6;72.5;2.8;
2018-11-04;0;31.4;22.6;69.75;2.6;
2018-11-05;0;32.2;22;67.25;3.333333;
2018-11-06;0;31.8;23.8;66.75;2.2;
2018-11-07;0;31.9;24;79;2.2;
2018-11-08;9.2;31.5;21.7;76.5;2.166667;
2018-11-09;.4;31.4;21.6;70.5;2.5;
2018-11-10;0;31.5;24;72.25;2.1;
2018-11-11;0;32.2;24.2;67.25;2.666667;
2018-11-12;0;31.9;23.2;67.75;2.3;
2018-11-13;.2;31.7;22.3;70.25;2.666667;
2018-11-14;.4;31.7;25.7;69.25;2.6;
2018-11-15;0;32.4;22;64.25;2.333333;
2018-11-16;0;31.9;23.5;69.75;2.4;
2018-11-17;0;31.8;23.2;71;2.5;
2018-11-18;0;31.4;24;66.75;2.233333;
2018-11-19;0;31.4;24.2;71.5;2.233333;
2018-11-20;1.4;31.6;23.5;75.25;2.666667;
2018-11-21;.4;30.6;24.2;73.5;3.333333;
2018-11-22;.4;32;24.2;63.75;3.033333;
2018-11-23;0;31.8;24.1;67.25;2.333333;
2018-11-24;3;29.6;23.1;79.25;1.833333;
2018-11-25;4.2;31;22;75.5;1.966667;
2018-11-26;3;29.8;22.7;81.25;2.166667;
2018-11-27;7.8;28.5;22.5;90.25;2;
2018-11-28;7.2;31;22.4;75;1.933333;
2018-11-29;0;31;22.3;72.25;2.233333;
2018-11-30;.2;31.6;22.4;73.75;2.133333;
2018-12-01;.4;32;22.6;74.75;1.8;
2018-12-02;0;32.4;25;69.25;2.233333;
2018-12-03;0;32.4;25.2;73.5;2.4;
2018-12-04;0;32.4;22.8;74.75;1.566667;
2018-12-05;0;32.8;22.6;75.75;1.2;
2018-12-06;6.2;32.3;22.3;76.5;2;
2018-12-07;0;32.2;22.4;68.5;2.466667;
2018-12-08;0;32;22.2;75.25;1.4;
2018-12-09;0;32.6;23.4;74.75;2.366667;
2018-12-10;39.6;32.1;23.4;72.75;2.666667;
2018-12-11;.4;31.2;24.6;77;3.166667;
2018-12-12;4.6;32;23;75.5;2.133333;
2018-12-13;0;30;22.8;73.5;2.633333;
2018-12-14;0;31;22.6;69.5;2.6;
2018-12-15;.2;31.4;22.1;67.25;2.233333;
2018-12-16;0;32.2;23.4;68.5;1.566667;
2018-12-17;14.6;30;23.2;82.75;2.4;
2018-12-18;3.4;30.4;23.8;72.5;2.566667;
2018-12-19;.2;29.3;21.8;67.25;2.5;
2018-12-20;0;32;22;70;2.033333;
2018-12-21;0;31;22;75.5;2.366667;
2018-12-22;.7;30.8;21.8;67.5;1.433333;
2018-12-23;1.2;30;23.1;70.75;1.733333;
2018-12-24;0;32;24;73.75;1.833333;
2018-12-25;0;32.2;23.8;69.25;1.233333;
2018-12-26;0;31.4;20.2;66.25;1.6;
2018-12-27;0;32.1;19.4;68.75;1.766667;
2018-12-28;2.2;31.9;22;72.25;2.233333;
2018-12-29;0;32;23;68;1.9;
2018-12-30;0;32.2;19.8;67.25;1.4;
2018-12-31;.8;33.4;23;74.25;2.433333;
2019-01-01;0;31.6;23.6;70;2.4;
2019-01-02;.8;32.6;24.2;68.25;2.4;
2019-01-03;0;32;21.9;68.75;2.5;
2019-01-04;0;31.5;21.8;71;2.733333;
2019-01-05;0;31.2;24;69.25;2.1;
2019-01-06;1.2;30.4;23;74.25;1.5;
2019-01-07;14.8;30.8;22.5;84.25;1.766667;
2019-01-08;6.4;30.9;22.5;81;2.233333;
2019-01-09;3.4;31.1;22.8;77.25;2.3;
2019-01-10;0;30.1;24.4;77.25;2.266667;
2019-01-11;2.8;31.1;22;73.5;2.433333;
2019-01-12;9.6;27.3;22;93.75;.866667;
2019-01-13;20.5;31.1;21.8;82.25;1.433333;
2019-01-14;1.4;30.7;23.4;77.75;2.166667;
2019-01-15;0;30.9;21.8;76;2.5;
2019-01-16;0;31.3;21;77;2.5;
2019-01-17;.2;30.9;22.4;78;1.8;
2019-01-18;0;31.3;24;73.25;2.366667;
2019-01-19;.6;31.8;22.8;74.25;2.233333;
2019-01-20;2.1;31.6;23.8;83.25;1.933333;
2019-01-21;0;31.5;24.8;69.25;2.933333;
2019-01-22;1;30;21;88.5;.333333;
2019-01-23;11.4;31.7;22;79;1.433333;
2019-01-24;.6;31.6;22.2;79;2.333333;
2019-01-25;0;32.1;23.2;74.75;1.9;
2019-01-26;0;31.4;22.6;null;1.75;
2019-01-27;0;32.2;24.4;66.75;2.3;
2019-01-28;10;27;22.2;95.75;0;
2019-01-29;52.3;30.5;21.6;79;2.333333;
2019-01-30;.4;30.3;23;77.5;1.666667;
2019-01-31;1.8;31.7;22;75.5;2.066667;
2019-02-01;.1;31.9;23;74.5;1.4;
2019-02-02;3.6;30.1;22.9;86.75;.833333;
2019-02-03;6.2;30.8;23.6;76.25;.566667;
2019-02-04;4.2;30.2;22.8;90.25;.266667;
2019-02-05;13.8;30.9;23;81.5;.6;
2019-02-06;48;28.3;23;91.25;1.4;
2019-02-07;.3;30.9;21.8;78.5;1.3;
2019-02-08;0;31.2;21;74.25;1.5;
2019-02-09;0;31.7;23;74;2.266667;
2019-02-10;0;31.1;24.1;73.5;2.766667;
2019-02-11;.6;30.8;24;79.5;2.566667;
2019-02-12;0;31.5;23.6;81;2.1;
2019-02-13;4.6;26.7;24;97;.266667;
2019-02-14;13.4;32.1;22;86.75;1.766667;
2019-02-15;.7;31.7;23.7;79.25;1.966667;
2019-02-16;.6;33.1;24.4;78;1.9;
2019-02-17;8;31.2;23.8;88.75;.266667;
2019-02-18;5.8;31.5;24;84.25;1.6;
2019-02-19;1;31.5;23.6;82.25;1.566667;
2019-02-20;0;31.2;23;83.5;0;
2019-02-21;0;32.1;23.2;78.25;1.666667;
2019-02-22;6;32.5;22.8;78.25;1.066667;
2019-02-23;0;31.8;23.2;75.5;1.5;
2019-02-24;0;32.1;23.1;70.25;.833333;
2019-02-25;0;32.1;22.4;83.5;1.4;
2019-02-26;.2;32.7;23.4;79;.5;
2019-02-27;0;32.2;23.6;79.5;1.866667;
2019-02-28;0;31.9;22.6;75.25;1.366667;
2019-03-01;0;31.5;22.6;81;1.5;
2019-03-02;4.7;31.3;22.2;82.25;.866667;
2019-03-03;0;30.4;22.4;92.75;.266667;
2019-03-04;3;30.8;23.7;80.5;.933333;
2019-03-05;4.8;30.6;22.7;73.5;2.2;
2019-03-06;8;31.3;22;81.25;1.566667;
2019-03-07;.2;31.7;22.2;77;1.766667;
2019-03-08;1.5;31.6;23.4;84.25;1.733333;
2019-03-09;0;31.9;24.6;74;2.333333;
2019-03-10;0;32;21.4;73.75;1.666667;
2019-03-11;0;32.3;21.5;71;1.966667;
2019-03-12;.6;29.9;25;81.5;.966667;
2019-03-13;7.8;32.5;24.2;87.25;2.066667;
2019-03-14;2;32.1;24;84;1.5;
2019-03-15;3;32.2;23.5;71;2.2;
2019-03-16;.6;32.5;22.4;84.25;1.466667;
2019-03-17;0;32.4;21.7;72;1.033333;
2019-03-18;23.4;31.3;22;91.5;.433333;
2019-03-19;0;32.9;22.1;72.75;.933333;
2019-03-20;0;34;23.8;83.5;1.5;
2019-03-21;0;34.5;22.2;68;1.9;
2019-03-22;0;34.8;23;75.75;2.3;
2019-03-23;1.4;33.6;23.4;83.75;1.466667;
2019-03-24;0;33.6;23;74.25;.833333;
2019-03-25;0;32.9;22.8;81.25;.566667;
2019-03-26;3.6;31.5;22.2;96.5;.766667;
2019-03-27;38.4;30.7;22.3;89.25;1.366667;
2019-03-28;26.7;30.7;22.3;85.5;.566667;
2019-03-29;4;30.7;22.6;90.75;.666667;
2019-03-30;16.2;31.1;23.2;92.5;.933333;
2019-03-31;9;28.7;23;92.25;.333333;
2019-04-01;41.8;28.2;24.4;92.5;0;
2019-04-02;28.6;31.5;21.2;81.75;1.266667;
2019-04-03;4.8;32.1;23.4;83.25;1.4;
2019-04-04;2.2;32.5;23;81.25;.666667;
2019-04-05;0;32.3;23;79.75;1.266667;
2019-04-06;1.2;32.1;22.8;82.25;1.6;
2019-04-07;1;31.2;22.4;87.25;1.333333;
2019-04-08;21.7;31.7;21.6;81.25;.933333;
2019-04-09;0;31.9;22.4;85.5;1.666667;
2019-04-10;0;32.1;22.2;79.25;.6;
2019-04-11;0;30.5;22.6;88.25;1.433333;
2019-04-12;15.8;26;23;94.75;.266667;
2019-04-13;30.6;30.1;21.8;89.5;.666667;
2019-04-14;.2;31.1;20.6;82.25;1.033333;
2019-04-15;0;32.1;20.2;82.25;1.333333;
2019-04-16;0;31.8;21;81.25;.933333;
2019-04-17;5;31.1;22;88.25;1.4;
2019-04-18;.4;31.6;21.8;77.25;.833333;
2019-04-19;0;32;22;75.5;1.9;
2019-04-20;7.4;29.5;21.8;91;.566667;
2019-04-21;30.9;30.9;21.2;88.75;.566667;
2019-04-22;0;31.5;21.4;87;.833333;
2019-04-23;10;31.5;21.8;90.5;1.133333;
2019-04-24;31.2;29.5;22.4;93;.566667;
2019-04-25;17.2;29.5;22.4;96.5;.166667;
2019-04-26;1.6;30.7;21;85.25;.966667;
2019-04-27;.4;31.1;21.2;83;2.066667;
2019-04-28;0;31.2;21.8;81;1.6;
2019-04-29;9.4;32.3;22.8;84.75;.833333;
2019-04-30;29.4;31;22.4;85.75;.833333;
2019-05-01;2.4;31.3;23;89.25;.9;
2019-05-02;7.6;31.5;21.4;78.75;2;
2019-05-03;0;30.8;21;80.75;1.233333;
2019-05-04;0;31.1;21.6;83.25;2.2;
2019-05-05;.8;31.1;21.4;76.5;1.966667;
2019-05-06;.2;29.9;19.8;83.5;1;
2019-05-07;0;28.6;21.1;86.75;.933333;
2019-05-08;4.8;28.7;22.8;96.75;0;
2019-05-09;31.4;30.1;23.2;94.25;1.133333;
2019-05-10;11.6;30.9;23.2;92.75;1.266667;
2019-05-11;10;30.7;21.6;90.75;.933333;
2019-05-12;0;30.4;21.3;89;.933333;
2019-05-13;0;30.9;21.8;88.5;.9;
2019-05-14;0;31.1;21.4;83.5;.566667;
2019-05-15;0;31.9;21.6;83.75;.566667;
2019-05-16;1.4;30.7;21;86.75;.9;
2019-05-17;1.4;30.9;21.8;82.25;1.233333;
2019-05-18;0;31.4;20.2;80.75;.833333;
2019-05-19;17.6;31.1;22.6;89.25;.6;
2019-05-20;0;30.7;20.7;91;1.3;
2019-05-21;26;30.1;22.4;93.5;.566667;
2019-05-22;.6;31.5;22.8;83.5;1.066667;
2019-05-23;6.7;30.7;22.2;83;.833333;
2019-05-24;4;30.7;22.4;89.25;1.3;
2019-05-25;0;31.1;21;87.5;.566667;
2019-05-26;.2;30.8;20.6;85.25;0;
2019-05-27;28;29.5;20.9;89.25;.5;
2019-05-28;10;30.9;21.6;87.25;1.4;
2019-05-29;27;27.7;21.6;95;0;
2019-05-30;21.8;30.1;21.2;90.75;1;
2019-05-31;0;29.5;20.8;91.75;.666667;
2019-06-01;6;30.8;20.2;88.5;.833333;
2019-06-02;7.2;30.1;20.8;82;1;
2019-06-03;0;30.5;19;81.75;2.4;
2019-06-04;6.5;30;20.2;86.5;1.3;
2019-06-05;1;30.1;19.7;86;1.1;
2019-06-06;.6;30.3;19.8;83;1.9;
2019-06-07;1;30.1;18.6;82.25;1;
2019-06-08;0;30.4;19.2;85;1.466667;
2019-06-09;4.4;29.9;22.1;82;1.133333;
2019-06-10;.2;30.1;22.6;74;1.9;
2019-06-11;4.4;29.9;21.6;82;.9;
2019-06-12;4.4;28.8;21;90.25;.666667;
2019-06-13;66.4;24.3;20.9;98.75;.533333;
2019-06-14;147.2;29.6;20.7;79.75;1.6;
2019-06-15;.5;29.1;21;83.25;1.833333;
2019-06-16;5;26;21;96.25;1.233333;
2019-06-17;90.4;27.1;20.6;97.75;.266667;
2019-06-18;53.6;29.1;21.2;93.5;.266667;
2019-06-19;1.7;29.1;18.2;79.75;1.4;
2019-06-20;4.8;29;19.6;81;1.8;
2019-06-21;0;29.5;19.8;78;2.8;
2019-06-22;0;29.6;22.2;76;2.8;
2019-06-23;5;29.6;19.4;77.25;1.233333;
2019-06-24;1.2;29.1;19;83.5;0;
2019-06-25;4.2;29.4;19.7;81.25;1.133333;
2019-06-26;.8;29.6;19;80.75;1.566667;
2019-06-27;15.4;29.1;20.2;88.5;1.566667;
2019-06-28;5.3;28.2;19.6;86;.666667;
2019-06-29;19;29;21.6;80;1.666667;
2019-06-30;7.2;30;20.6;76.75;2.166667;
2019-07-01;8.8;29.1;21.3;89.75;.666667;
2019-07-02;2;29.1;19.6;84.75;.833333;
2019-07-03;2;27.3;21;96.75;.433333;
2019-07-04;8.8;29.9;19.4;90.25;1.066667;
2019-07-05;7.8;30.5;20.8;81.25;1.133333;
2019-07-06;0;30.8;19;83.75;.7;
2019-07-07;0;29.9;18.8;85.75;.933333;
2019-07-08;2.5;28.8;20.6;84.75;1.666667;
2019-07-09;4.3;28.5;19.4;86.25;.6;
2019-07-10;2.4;29.2;19.8;84;1.9;
2019-07-11;14.2;29.2;20.8;86.5;1.5;
2019-07-12;.2;29.4;18.6;83;1.5;
2019-07-13;27.4;28.2;20.6;92.5;.433333;
2019-07-14;15;28.4;20.6;96.75;0;
2019-07-15;11.8;28.6;18.3;81.75;1.433333;
2019-07-16;0;28.8;17.6;85.75;1.65;
2019-07-17;0;29;17.1;87;1.366667;
2019-07-18;1;28.8;18.4;69.75;1.866667;
2019-07-19;17.2;27.5;20.4;88;2.5;
2019-07-20;13.4;26.6;21.2;96.25;2.5;
2019-07-21;30;28.3;19.8;83;1.9;
2019-07-22;19;26.1;19.6;94.75;2.466667;
2019-07-23;44.4;27.7;20.1;97.5;1.766667;
2019-07-24;92.5;24.9;19;96.25;.7;
2019-07-25;13;27.5;18.8;89;1.566667;
2019-07-26;12;28.3;19.5;93.75;1.233333;
2019-07-27;13.4;27.2;19.6;93.25;1.666667;
2019-07-28;34.7;27.7;19.8;93.75;1.566667;
2019-07-29;2.4;28;18.8;86.25;.9;
2019-07-30;.6;28.2;19.4;91.25;1.233333;
2019-07-31;31.2;27.7;20.6;92.75;1.333333;
2019-08-01;1.4;28.5;19.6;93.75;1.1;
2019-08-02;50.5;28.1;20.6;89.25;1.266667;
2019-08-03;.3;28.6;18.1;87.75;1.233333;
2019-08-04;1.6;28;18.4;86.5;1.833333;
2019-08-05;3;28.9;21;78;2.7;
2019-08-06;8;28;21;81.25;3.066667;
2019-08-07;.6;27.3;21;88.5;1.933333;
2019-08-08;8;27.7;19.2;85.5;.833333;
2019-08-09;0;28.5;17;80;1.433333;
2019-08-10;0;28.5;17.2;82.25;1.433333;
2019-08-11;.3;28.7;17.8;82;1.666667;
2019-08-12;7.7;27.1;19.6;96.5;1.166667;
2019-08-13;4;28.5;18;77.75;1.433333;
2019-08-14;10.6;26.8;20.3;93.75;1.133333;
2019-08-15;8.3;27.9;19.6;90.5;1;
2019-08-16;14.2;27.7;20.2;84;2.366667;
2019-08-17;3.4;28.9;22;77.75;2.333333;
2019-08-18;5;28.2;20.8;81.25;2.3;
2019-08-19;5.7;28.6;20.3;81.25;1.766667;
2019-08-20;0;28.3;19;80;1.233333;
2019-08-21;0;28.7;18;78.5;1.666667;
2019-08-22;0;28.2;17.8;92.25;1.233333;
2019-08-23;6.7;28.3;19.8;86.25;1.7;
2019-08-24;4.8;28.3;19.2;89.75;1.566667;
2019-08-25;21.5;28.3;19;89.5;1.9;
2019-08-26;7;27.7;20.8;94.75;1.733333;
2019-08-27;8;28.3;19.7;80;2.566667;
2019-08-28;2.4;28.3;19.4;84.5;2.033333;
2019-08-29;0;28.5;17.8;74.5;2.133333;
2019-08-30;0;28.7;16.8;81;1.3;
2019-08-31;0;28.8;18.4;84.75;1.833333;
2019-09-01;7.4;28.9;20.4;89.25;1.666667;
2019-09-02;38.8;28.3;20.2;86.25;1.033333;
2019-09-03;.7;28.8;21.6;84.25;1.133333;
2019-09-04;1;27.4;19.3;96.5;.933333;
2019-09-05;8.3;29;20.4;83.75;1.8;
2019-09-06;7.8;29;19.8;82.5;2.033333;
2019-09-07;0;28.8;20;84;.933333;
2019-09-08;3.8;28.2;19.7;89;2.266667;
2019-09-09;3.1;28.3;21.2;79.5;1.966667;
2019-09-10;0;29.3;19.8;77;1.133333;
2019-09-11;0;29.1;19.6;79;1.866667;
2019-09-12;.4;29.6;21.3;76.75;2.733333;
2019-09-13;0;29.5;20.8;76.5;2.2;
2019-09-14;0;29.1;20;64.25;1.633333;
2019-09-15;0;29.3;18.8;73.5;1.6;
2019-09-16;.4;29.5;20.8;74.5;2.566667;
2019-09-17;.4;27.3;19.4;91.75;1.533333;
2019-09-18;16;29.6;20.6;84.75;1.566667;
2019-09-19;0;29.1;19.4;79.25;2;
2019-09-20;.4;27.4;19;90;1.3;
2019-09-21;14.8;29.1;20.4;80.75;1.4;
2019-09-22;0;30.1;19.2;77.5;1.166667;
2019-09-23;6;28.5;21.5;86;3.3;
2019-09-24;0;29.4;22.4;80;2.833333;
2019-09-25;0;29.3;22.2;76.25;1.6;
2019-09-26;0;29.1;20.8;79.25;2.3;
2019-09-27;0;29.5;19.4;84.75;1.233333;
2019-09-28;0;30;18.8;86;1.7;
2019-09-29;0;30;20.4;84;1.566667;
2019-09-30;.2;30.1;21.6;83.75;1.5;
2019-10-01;.8;29.8;19.8;78.25;1.1;
2019-10-02;0;31.2;20.8;78.5;1.266667;
2019-10-03;.2;30;21;84.5;3.1;
2019-10-04;0;29.3;22.9;80;2.3;
2019-10-05;0;29.3;20.4;87;1.566667;
2019-10-06;.4;29.9;18.8;76.5;1.833333;
2019-10-07;0;30.1;22;74.25;1.966667;
2019-10-08;1.6;30.1;19.8;76.75;1.866667;
2019-10-09;9;29.2;20.9;79;1.466667;
2019-10-10;3;28.6;21.3;84.25;2;
2019-10-11;2;30.1;21.1;80.25;2.5;
2019-10-12;0;29.8;21.2;79.5;2.533333;
2019-10-13;5.1;28.4;20.2;83;2.5;
2019-10-14;21.6;29.2;21;88.75;1.5;
2019-10-15;4.2;29.4;20.8;83.25;2.4;
2019-10-16;0;29.9;22.2;77.75;2.1;
2019-10-17;.2;29.4;19.4;76;2.233333;
2019-10-18;7.3;28.3;20.9;92.25;1;
2019-10-19;2.3;30.1;21.2;78.75;1.333333;
2019-10-20;0;29.8;21.2;78.75;1.3;
2019-10-21;0;30.7;19.8;80.5;.9;
2019-10-22;0;30.7;19.5;78;1.233333;
2019-10-23;0;30.5;18.8;78;1.6;
2019-10-24;0;30.4;22.6;78.25;1;
2019-10-25;0;30.5;20.6;71.75;2.3;
2019-10-26;1.3;30.6;21.9;78;2.133333;
2019-10-27;0;30.7;23.4;74.75;2.033333;
2019-10-28;0;30;20.4;71.25;2.133333;
2019-10-29;0;30.7;21.6;65.75;2.133333;
2019-10-30;0;30.4;19.8;72.75;1.233333;
2019-10-31;.2;30.6;21.3;72;1.666667;
2019-11-01;2.2;30.1;19.6;70.5;2.9;
2019-11-02;0;30.8;22.7;70;2.066667;
2019-11-03;0;30.5;21.5;73.25;2.2;
2019-11-04;0;30.5;22;70.75;2.566667;
2019-11-05;0;31.1;21;66.5;2.2;
2019-11-06;0;31.1;22.5;72;2.233333;
2019-11-07;0;31.3;22.4;71.25;2.566667;
2019-11-08;null;31.3;24;72;1.85;
2019-11-09;0;31.1;23;66.75;2.733333;
2019-11-10;0;31.1;22;70;2.233333;
2019-11-11;0;31.6;23.6;67.25;2.133333;
2019-11-12;0;31;21;65.75;2.666667;
2019-11-13;0;31.5;22.4;60.75;2.2;
2019-11-14;0;31.5;22.6;70.25;2;
2019-11-15;0;31.7;23.3;68.75;2.466667;
2019-11-16;0;32.2;24.2;68;1.733333;
2019-11-17;0;32.4;23;66.75;1.4;
2019-11-18;0;31.7;21.6;73.25;2.566667;
2019-11-19;0;31.2;24;70.25;2.466667;
2019-11-20;0;31.3;23;66;2.333333;
2019-11-21;0;31.3;22.8;69.75;2.3;
2019-11-22;0;31.5;19.6;70.25;2.266667;
2019-11-23;.6;31.6;20.2;69;2;
2019-11-24;0;32.6;21.2;65.75;1.833333;
2019-11-25;0;32.3;22;69;2.066667;
2019-11-26;0;32.6;21.6;71.25;2.166667;
2019-11-27;1.7;31.7;22.5;71.75;2.066667;
2019-11-28;0;31.5;21;67.25;1.666667;
2019-11-29;0;31.5;20.4;66.5;2.533333;
2019-11-30;0;32.4;19.4;70.25;1.85;
2019-12-01;0;31.9;19.8;69.5;1.733333;
2019-12-02;0;32.7;20.2;68;1.966667;
2019-12-03;0;32.3;21.2;67.25;1.2;
2019-12-04;0;31.4;21;66.5;1.833333;
2019-12-05;0;32;20.2;67;2.2;
2019-12-06;0;32.9;21.6;68.5;2.233333;
2019-12-07;0;32.2;22;62.75;1.233333;
2019-12-08;0;33.7;21.8;60.25;2.233333;
2019-12-09;0;32.1;23.8;66.75;1.966667;
2019-12-10;1.2;31.5;22;65.75;2.6;
2019-12-11;.2;31.9;22.8;70.25;2.333333;
2019-12-12;2;30.9;21.6;66.75;1.666667;
2019-12-13;0;32.2;21.6;65.5;2.066667;
2019-12-14;0;32.1;23.6;66.25;2.766667;
2019-12-15;2.6;31.8;22;72.25;2.766667;
2019-12-16;11;30.7;21.8;83.5;.833333;
2019-12-17;1.2;31.4;20.8;70;1.066667;
2019-12-18;0;31.3;21.2;67.25;2.166667;
2019-12-19;.2;31.9;23.2;71;2.3;
2019-12-20;1.2;31;22;69;2.5;
2019-12-21;0;31.6;24;68;1.233333;
2019-12-22;1;31.1;22.1;63.75;2.1;
2019-12-23;0;31.3;21.2;68.5;1.933333;
2019-12-24;0;32;24.2;66.5;1.2;
2019-12-25;0;31.2;24;68.5;1.933333;
2019-12-26;.8;31.5;23.2;64.75;1.4;
2019-12-27;0;31.4;21.8;65.75;1.833333;
2019-12-28;0;31.8;20.8;68.75;1.833333;
2019-12-29;0;32.2;21.2;69;2.666667;
2019-12-30;.8;31.1;24;70.5;2.2;
2019-12-31;0;31.5;21.4;67.25;1.733333;
2020-01-01;.8;30.8;22.2;72.75;1.8;
2020-01-02;1;32;21.7;76;1.833333;
2020-01-03;.2;32.9;22.6;67.25;2.066667;
2020-01-04;0;33.1;21;66.75;1.966667;
2020-01-05;0;31.3;22.2;71;1.566667;
2020-01-06;0;32.1;21.7;68;2.266667;
2020-01-07;0;32.1;24;66.75;2.133333;
2020-01-08;0;32.3;21.8;67.75;2.166667;
2020-01-09;.4;32.2;24;74.5;2.066667;
2020-01-10;0;32.3;21.6;67.75;2.233333;
2020-01-11;0;33;24;65.75;2.1;
2020-01-12;0;32.2;22;70.25;1.8;
2020-01-13;0;32.4;21.3;68.5;2.433333;
2020-01-14;0;32.1;23;66.5;1.933333;
2020-01-15;0;32.5;20.6;62.25;1.833333;
2020-01-16;0;32.5;22.6;67.5;2.3;
2020-01-17;0;32.7;23.6;73;2.1;
2020-01-18;.1;32;23.8;68.5;1.4;
2020-01-19;5.9;32.1;23.1;65.75;1.6;
2020-01-20;0;31.5;22;70.5;2.266667;
2020-01-21;1.2;32.1;21.6;70.75;1.633333;
2020-01-22;1;32.5;22.6;78.25;.733333;
2020-01-23;21.8;31.1;23.4;76.25;1.4;
2020-01-24;0;31.9;23.4;82.5;.933333;
2020-01-25;.2;31;23.6;78.5;.566667;
2020-01-26;1.2;32.6;22.6;73.25;1.866667;
2020-01-27;0;32.8;24;72;1.266667;
2020-01-28;0;32.7;22;70;1.333333;
2020-01-29;21.4;31.8;24.1;70.5;2.433333;
2020-01-30;0;31.7;22.6;70;2.166667;
2020-01-31;1.4;32.1;22.4;76;1.466667;
2020-02-01;.2;30;23;81.25;.533333;
2020-02-02;0;32;22;71;1.4;
2020-02-03;2;32.4;22.8;83.25;1.1;
2020-02-04;22.9;32.5;23.2;72;1.266667;
2020-02-05;0;32.3;22.8;67;1.4;
2020-02-06;0;32.6;22.6;72;1.333333;
2020-02-07;0;33.1;22.2;69.5;1.6;
2020-02-08;0;32.1;22;68;.833333;
2020-02-09;0;32;21.8;72;1.5;
2020-02-10;0;32.7;22.8;70.25;1.833333;
2020-02-11;1;32.1;24;71.5;2;
2020-02-12;0;32.7;23;71.75;1.566667;
2020-02-13;6.4;30.3;23.6;82.25;.9;
2020-02-14;2.8;32;22.2;77.75;1.766667;
2020-02-15;.2;32.3;21.3;69.25;1.566667;
2020-02-16;.4;32.4;22;73.5;.833333;
2020-02-17;4;32.1;23;69.5;2.233333;
2020-02-18;.6;31.9;23.8;69.25;2.1;
2020-02-19;6.1;31.6;21.8;74.25;.966667;
2020-02-20;26.2;30.7;21.4;92.25;.9;
2020-02-21;1.2;31.2;21.2;82;1;
2020-02-22;.6;31.9;23;76;1;
2020-02-23;.6;32.1;23.1;74.25;1.333333;
2020-02-24;5.6;32.4;23.6;67.75;1.5;
2020-02-25;0;32;22;71.5;1.233333;
2020-02-26;3.5;32.3;22.8;75.75;1.1;
2020-02-27;.2;32.7;23;73.25;.6;
2020-02-28;0;33.5;22.4;73;1.3;
2020-02-29;0;32.5;23.4;65.5;1.9;
2020-03-01;12.8;31.5;22.8;74.5;1;
2020-03-02;0;32.6;22.2;68.25;1.1;
2020-03-03;0;33.1;24.8;70;1.4;
2020-03-04;0;33.1;22.8;71.5;1.9;
2020-03-05;0;34.6;22.2;72;.833333;
2020-03-06;0;34.1;22.6;74;.566667;
2020-03-07;6.6;32.1;23.4;83.75;0;
2020-03-08;0;33.1;25.6;71.5;1.8;
2020-03-09;0;32.8;21.8;71;1.5;
2020-03-10;0;32.5;20.1;70.25;1.4;
2020-03-11;0;null;22.2;70.25;1.566667;
2020-03-12;5;null;23;72.5;2.266667;
2020-03-13;.6;31.1;22.6;70.75;1;
2020-03-14;3.4;32.5;22.2;73;.833333;
2020-03-15;8.4;30.3;22.6;87;.266667;
2020-03-16;79.9;null;21.8;84.25;.566667;
2020-03-17;5.5;31.9;21.6;80.75;1.366667;
2020-03-18;.4;32.2;22.3;74.5;.833333;
2020-03-19;0;32.4;22.6;74.25;1.266667;
2020-03-20;0;null;25.6;null;0;
2020-03-21;0;33.5;21.6;75;.9;
2020-03-22;0;33.6;22;70.25;.566667;
2020-03-23;0;34.1;22.3;76;1.266667;
2020-03-24;0;33.2;22.2;76.75;.566667;
2020-03-25;1.2;32.2;23.2;80.25;.566667;
2020-03-26;0;33.2;21.6;75.75;.433333;
2020-03-27;4;30.5;22.2;87.5;.433333;
2020-03-28;14.4;32;22;81.5;.166667;
2020-03-29;2.6;31.3;22.8;84.75;.833333;
2020-03-30;6.2;29;21.9;90.5;.266667;
2020-03-31;4;30;22.1;84.25;.833333;
2020-04-01;11.2;31.1;22;90.75;.566667;
2020-04-02;4.3;31.1;22.3;89.25;.8;
2020-04-03;14.6;31.3;21.8;79;.833333;
2020-04-04;0;33.1;22.5;78.75;.566667;
2020-04-05;4;33.4;22.6;75.25;1.566667;
2020-04-06;.6;32.1;23.6;77.25;1.466667;
2020-04-07;3.2;31.7;22;79;.666667;
2020-04-08;0;32.1;21.8;78.25;.833333;
2020-04-09;0;32.4;21.8;77;1.566667;
2020-04-10;0;32;22.6;76.5;1.266667;
2020-04-11;0;32.9;22.6;73.5;.833333;
2020-04-12;0;33;21.8;74.75;.533333;
2020-04-13;0;32.6;21.6;74.75;.666667;
2020-04-14;0;32.4;21.3;73.75;1.133333;
2020-04-15;0;32.1;22.2;80.5;.833333;
2020-04-16;22.4;29;20.8;91.5;1;
2020-04-17;3;32.2;22.4;85.25;1.4;
2020-04-18;3.6;32.1;22;85.5;0;
2020-04-19;3;31;22.4;88.75;.266667;
2020-04-20;4.4;30.9;22;85.75;.266667;
2020-04-21;13.8;29.5;21.6;87.25;.566667;
2020-04-22;8.4;27.8;21.3;92.5;0;
2020-04-23;.3;31.3;21.8;83;.833333;
2020-04-24;11.4;26.2;21.6;97.75;.566667;
2020-04-25;76.9;29.8;20.4;86.75;.533333;
2020-04-26;58.1;30.7;21.6;86.5;.333333;
2020-04-27;7.4;30.1;21.6;86.75;.833333;
2020-04-28;0;30.8;20.8;77.75;1.566667;
2020-04-29;.2;30.8;21.5;81;1.566667;
2020-04-30;5.2;30.1;22;88.75;.433333;
2020-05-01;6.1;31.2;20.4;83.5;.566667;
2020-05-02;0;31;21.6;77.25;.833333;
2020-05-03;.2;31.1;21.4;82;1.266667;
2020-05-04;0;30.8;21.2;75.5;1.4;
2020-05-05;0;29.6;22;84.25;.7;
2020-05-06;5.1;30.8;22.4;83.75;1;
2020-05-07;.6;31.1;21;78.75;.966667;
2020-05-08;0;31.1;19.8;81.5;.566667;
2020-05-09;.2;30;21;null;2.1;
2020-05-10;0;29.6;19.8;81;.833333;
2020-05-11;.4;30.1;19.8;82.5;.666667;
2020-05-12;20;30.8;22;85.75;1.566667;
2020-05-13;2.1;30.2;21.1;89.5;1;
2020-05-14;5.6;30;21.9;87.75;1.333333;
2020-05-15;24;28.6;22.6;91.75;.233333;
2020-05-16;6.2;27.3;22;96.25;.566667;
2020-05-17;10.8;28.6;21.6;92.25;.566667;
2020-05-18;4;30.5;21.6;87.75;.233333;
2020-05-19;.6;31.1;21.8;87.75;.233333;
2020-05-20;11.9;28.5;22.2;92;.533333;
2020-05-21;31.6;30.2;21.6;84.75;1.6;
2020-05-22;7;30.5;21.6;83.5;1.133333;
2020-05-23;12.6;27.1;21.8;94.25;0;
2020-05-24;55.1;29.1;21.5;90.25;1.666667;
2020-05-25;6.2;28.9;21.4;93;0;
2020-05-26;0;31.9;21.4;84;.566667;
2020-05-27;0;31.4;21.8;84.75;.333333;
2020-05-28;.7;31.4;21.8;87.5;.266667;
2020-05-29;26.6;27.9;20.8;88.75;1.266667;
2020-05-30;2;28.8;21;90;.566667;
2020-05-31;7.5;30.3;20.8;87.5;0;
2020-06-01;0;30.6;20.9;86.75;1;
2020-06-02;8;31;20.4;82.25;.266667;
2020-06-03;.4;null;20.8;null;.85;
2020-06-04;.6;null;22;null;.4;
2020-06-05;10.6;null;20.9;null;.85;
2020-06-06;8.2;null;20.2;null;1.25;
2020-06-07;30;null;20;null;0;
2020-06-08;1.8;null;20.4;null;.85;
2020-06-09;29.4;null;20;null;1;
2020-06-10;18.8;29.2;20.6;89;1.666667;
2020-06-11;8;29.7;21;83;.6;
2020-06-12;1;29.7;20.8;82.5;1.066667;
2020-06-13;0;30.6;19.8;82.75;.833333;
2020-06-14;70.7;29.2;19.7;90.75;.566667;
2020-06-15;41;28.6;21.3;93;.566667;
2020-06-16;26.6;28.4;20.6;88.75;1.066667;
2020-06-17;12.8;28.4;20.2;87.5;1.333333;
2020-06-18;11;29.8;20.6;88.75;1.133333;
2020-06-19;15;28.7;21.2;85.5;1.733333;
2020-06-20;3.6;29.4;22.9;77.25;1.4;
2020-06-21;7;29.5;19.6;68.25;1.5;
2020-06-22;0;29.3;18.6;74;.9;
2020-06-23;0;29.7;21.6;74.5;1.133333;
2020-06-24;2;28.7;20.6;83;1.3;
2020-06-25;1.4;29.7;20.2;77.25;1.466667;
2020-06-26;1.6;28;20.3;83;.833333;
2020-06-27;1.8;29;19.4;84;.833333;
2020-06-28;.9;27.8;19.9;91;.5;
2020-06-29;17.6;28.8;19.6;82.5;.833333;
2020-06-30;.4;28;null;81.5;1.233333;
2020-07-01;.6;29.1;18.1;81.5;.68592;
2020-07-02;0;29.4;19.2;84.5;1.02888;
2020-07-03;9.2;29.1;20.2;80;.34296;
2020-07-04;null;null;null;null;null;
2020-07-05;.2;28.8;19.2;91.75;1.37184;
2020-07-06;16.2;27.6;21;84.25;2.74368;
2020-07-07;.4;29.1;18;76;1.20036;
2020-07-08;4.8;30.3;18.8;82.75;.8574;
2020-07-09;13.4;28.5;20.5;87.75;.51444;
2020-07-10;.6;29;19.8;82.25;.8574;
2020-07-11;0;27.1;19.4;90.75;.8574;
2020-07-12;19.5;30;19.2;80.5;1.02888;
2020-07-13;0;30.1;19.8;80.25;1.54332;
2020-07-14;2.8;29.1;17.6;80.75;.51444;
2020-07-15;0;30;18.8;79.25;1.02888;
2020-07-16;12.6;28.4;18;81.25;1.7148;
2020-07-17;2.4;27.9;18.1;93;1.02888;
2020-07-18;62;27.9;19.4;76.5;1.20036;
2020-07-19;.3;28.4;18.4;90.25;.8574;
2020-07-20;8.8;28.1;20.4;80.5;1.54332;
2020-07-21;1;28.7;17.8;77.75;2.22924;
2020-07-22;0;28.7;19.4;72.75;1.20036;
2020-07-23;0;28.6;18.4;79.75;1.20036;
2020-07-24;8;28.1;18.1;81;1.20036;
2020-07-25;.6;27.9;19.2;72.75;1.88628;
2020-07-26;4.2;27.7;19.4;81.75;1.7148;
2020-07-27;11.3;28.9;19.8;80.25;1.7148;
2020-07-28;.2;29.7;22;74;1.37184;
2020-07-29;2.2;26.9;19.2;87.75;2.22924;
2020-07-30;5.6;28.1;18.6;77.5;1.37184;
2020-07-31;null;28;null;null;0;
2020-08-01;0;null;18.2;null;2.31498;
2020-08-02;11.6;null;19.8;null;3.08664;
2020-08-03;1.6;null;19;null;1.80054;
2020-08-04;3;null;18.5;null;2.05776;
2020-08-05;1.7;null;19.2;null;2.05776;
2020-08-06;1.8;null;18.9;null;4.11552;
2020-08-07;0;null;21.8;null;3.08664;
2020-08-08;16.4;null;18.7;null;1.2861;
2020-08-09;4.5;null;20.2;null;2.05776;
2020-08-10;6.6;null;18.5;null;2.31498;
2020-08-11;0;null;18.6;null;2.5722;
2020-08-12;0;null;17.4;null;1.54332;
2020-08-13;18.2;null;17.2;null;.51444;
2020-08-14;0;null;17;null;1.02888;
2020-08-15;0;null;17.8;null;.77166;
2020-08-16;5;null;19.8;null;2.05776;
2020-08-17;0;null;20.1;null;2.05776;
2020-08-18;1.4;null;19.4;null;.51444;
2020-08-19;0;null;18.4;null;1.2861;
2020-08-20;0;null;17.2;null;2.05776;
2020-08-21;25;null;21;null;.77166;
2020-08-22;0;null;18.6;null;2.31498;
2020-08-23;2;null;18.5;null;3.08664;
2020-08-24;0;null;17;null;1.80054;
2020-08-25;0;null;16.6;null;1.2861;
2020-08-26;0;null;19.6;null;2.5722;
2020-08-27;0;null;17.8;null;2.05776;
2020-08-28;0;null;17.8;null;.77166;
2020-08-29;5.6;null;20.2;null;1.2861;
2020-08-30;0;null;20.8;null;1.80054;
2020-08-31;1.4;null;20.8;null;2.5722;
2020-09-01;2.2;null;20.1;null;2.31498;
2020-09-02;12.6;null;19.8;null;2.05776;
2020-09-03;10.8;null;18.6;null;.77166;
2020-09-04;5.4;null;20.4;null;2.82942;
2020-09-05;2;null;18.6;null;2.31498;
2020-09-06;0;null;18;null;2.5722;
2020-09-07;null;null;null;null;null;
2020-09-08;.8;null;17.9;null;1.54332;
2020-09-09;2.8;null;19.7;null;2.31498;
2020-09-10;6.2;null;21.4;null;1.80054;
2020-09-11;0;null;21.2;null;5.1444;
2020-09-12;0;null;null;null;3.08664;
2020-09-13;null;null;null;null;null;
2020-09-14;11;null;19.6;null;1.2861;
2020-09-15;1.2;null;20.4;null;1.02888;
2020-09-16;0;null;22;null;4.11552;
2020-09-17;0;null;18.6;null;1.80054;
2020-09-18;0;null;17.8;null;1.02888;
2020-09-19;0;null;20.8;null;.77166;
2020-09-20;null;null;null;null;null;
2020-09-21;0;null;21.6;null;1.54332;
2020-09-22;0;null;22.4;null;2.05776;
2020-09-23;0;null;19.2;null;1.54332;
2020-09-24;0;null;20.2;null;3.34386;
2020-09-25;1;null;19.6;null;1.54332;
2020-09-26;0;null;19.2;null;1.80054;
2020-09-27;null;null;null;null;null;
2020-09-28;6.4;null;20;null;2.31498;
2020-09-29;0;null;21.8;null;2.05776;
2020-09-30;0;null;20;null;3.34386;

