Data Medicao;PRECIPITACAO TOTAL, MENSAL(mm);TEMPERATURA MAXIMA MEDIA, MENSAL(°C);TEMPERATURA MINIMA MEDIA, MENSAL(°C);UMIDADE RELATIVA DO AR, MEDIA MENSAL(%);VENTO, VELOCIDADE MEDIA MENSAL(m/s);
1961-07-31;355.2;26.658065;20.496774;84.75;2.172043;
1961-08-31;243.8;26.587097;20.280645;84.16129;2.301075;
1961-09-30;91.2;27.603333;21.066667;78.466667;2.622222;
1961-10-31;86;28.067742;21.848387;79.080645;2.989247;
1961-11-30;8.5;29.426667;20.89;71.475;2.855556;
1961-12-31;18;29.722581;20.887097;72.870968;2.83871;
1962-01-31;0;30.590323;20.887097;71.193548;1.989247;
1962-02-28;90.5;30.235714;22.771429;71.517857;1.75;
1962-03-31;155.6;29.948387;22.793548;77.66129;2.010753;
1962-04-30;128;28.98;22.09;81.641667;2.066667;
1962-05-31;286.1;28.512903;21.458065;84.096774;1.16129;
1962-06-30;562.6;27.28;21.103333;85.333333;1.133333;
1962-07-31;290.7;26.754839;20.393548;85.193548;1.655914;
1962-08-31;143;26.967742;20.048387;81.096774;1.677419;
1962-09-30;164.5;27.593333;20.206667;80.35;1.977778;
1962-10-31;21.8;29.248387;21.041935;75.524194;2.032258;
1962-11-30;6.2;29.53;21.063333;74.45;2.3;
1962-12-31;105.1;29.858065;22.058065;75.403226;2.55914;
1963-01-31;23.7;30.409677;21.732258;74.024194;2.72043;
1963-02-28;157.3;30.717857;22.646429;75.071429;2.988095;
1963-03-31;402.7;28.790323;22.309677;82.862903;1.182796;
1963-04-30;333.5;28.866667;21.866667;84.758333;1.522222;
1963-05-31;216.9;28.329032;21.474194;82.967742;1.569892;
1963-06-30;274.9;27.076667;20.88;86.225;1.855556;
1963-07-31;213.8;26.690323;20.216129;83.354839;1.595699;
1963-08-31;168.2;26.909677;19.993548;84.040323;2.376344;
1963-09-30;64.2;27.883333;20.103333;79.166667;2.455556;
1963-10-31;19.1;29.541935;20.890323;74.822581;3.107527;
1963-11-30;71.9;30.773333;21.833333;76.425;2.555556;
1963-12-31;98.9;30.503226;22.158065;81.25;1.430108;
1964-01-31;141.8;30.196774;22.341935;82.41129;1.483871;
1964-02-29;298.3;30.148276;22.741379;83.551724;.988506;
1964-03-31;625.6;29.951613;22.490323;83.862903;1.043011;
1964-04-30;452.1;29.27;22.46;83.6;1.333333;
1964-05-31;365.1;28.645161;22.158065;85.282258;1.16129;
1964-06-30;679.5;27.286667;21.4;88.691667;2;
1964-07-31;413.1;27.012903;20.722581;86.870968;1.462366;
1964-08-31;263.8;27.241935;20.190323;82.459677;1.311828;
1964-09-30;223.6;27.063333;19.906667;82.891667;1.155556;
1964-10-31;13.7;28.590323;19.245161;71.782258;2.139785;
1964-11-30;27.4;29.846667;18.923333;70.566667;2.322222;
1964-12-31;23.1;30.383871;19.516129;70.717742;2.430108;
1965-01-31;259.9;29.258065;20.258065;76.016129;1.935484;
1965-02-28;23.2;30.85;19.385714;73.723214;1.97619;
1965-03-31;73.7;30.467742;20.074194;77.806452;1.784946;
1965-04-30;352.7;29.8;20.233333;83.141667;1.555556;
1965-05-31;350.5;28.729032;19.954839;84.516129;1.774194;
1965-06-30;655.7;27.493333;19.633333;86.216667;1.444444;
1965-07-31;152.4;28.064516;18.109677;80.83871;1.849462;
1965-08-31;162.7;27.493548;17.1;80.870968;1.752688;
1965-09-30;86.4;27.896667;18.173333;79.258333;2.145556;
1965-10-31;84.5;29.035484;19.422581;78.233871;2.634409;
1965-11-30;41.3;29.713333;21.706667;73.533333;3.088889;
1965-12-31;49.3;29.567742;22.577419;75.177419;2.548387;
1966-01-31;186.9;29.974194;21.974194;77.112903;1.806452;
1966-02-28;302.9;29.075;22.292857;82.1875;1.47619;
1966-03-31;368.9;29.429032;22.132258;79.758065;1.731183;
1966-04-30;51.3;30.634783;22.365217;77.4125;null;
1966-05-31;496.8;28.832258;22.33871;81.435484;1.44086;
1966-06-30;312.5;27.636667;22.013333;84.341667;1.543333;
1966-07-31;651.5;26.916129;21.76129;86.314516;2.935484;
1966-08-31;111.8;27.5;20.245161;78.572581;3.924731;
1966-09-30;255.7;27.793333;20.526667;80.25;3.188889;
1966-10-31;0;28.9;21.13871;75.137097;2.806452;
1966-11-30;106.3;29.416667;22.233333;74.855769;3.066667;
1966-12-31;39;30.070968;22.316129;75.580645;2.978495;
1967-01-31;11.3;31.151613;22.216129;70.846774;3.139785;
1967-02-28;96.4;30.760714;23.1;72.741071;3.047619;
1967-03-31;339.7;29.641935;22.632258;81.596774;2.387097;
1967-04-30;508.1;29.063333;22.62;85.25;2.344444;
1967-05-31;390.5;28.493548;22.377419;86.274194;2.430108;
1967-06-30;311.2;28.3;21.473333;82.983333;2.611111;
1967-07-31;326.7;27.519355;20.709677;84.83871;2.645161;
1967-08-31;296.5;27.477419;20.4;80.991935;3.498925;
1967-09-30;30;28.343333;21.456667;75.941667;3.471111;
1967-10-31;64.7;28.387097;22.377419;76.282258;3.763441;
1967-11-30;3.3;29.816667;20.763333;70.225;3.288889;
1967-12-31;30.2;30.119355;20.754839;71.41129;3.408602;
1968-01-31;218.4;29.951613;21.490323;74.491935;2.903226;
1968-02-29;null;null;null;null;null;
1968-03-31;407.2;29.448387;22.203226;83.524194;2.054348;
1968-04-30;249.9;29.226667;22.6;84.883333;2.244444;
1968-05-31;226.3;28.158065;22.287097;87.201613;3.365591;
1968-06-30;162.6;27.426667;20.983333;87.075;3.8;
1968-07-31;260.5;27.5;20.906452;85.806452;3.849462;
1968-08-31;112.2;27.341935;20.567742;82.758065;3.408602;
1968-09-30;71.6;28.09;20.716667;80.033333;4.111111;
1968-10-31;22.4;29.854839;21.870968;75.137097;3.569892;
1968-11-30;7.3;30.196667;21.85;73.112069;3.5;
1968-12-31;51.4;30.435484;22.651613;72.975806;2.978495;
1969-01-31;156.7;30.145161;23.232258;78.096774;3.006452;
1969-02-28;25.4;31.103571;22.7;75.892857;2.595238;
1969-03-31;178.5;30.422581;23.187097;81.58871;1.752688;
1969-04-30;96;29.92;23.163333;83.308333;1.933333;
1969-05-31;457.8;29.048387;22.8;88.459677;1.784946;
1969-06-30;497.6;28.31;22.143333;87.541667;2.455556;
1969-07-31;455.3;27.351613;21.63871;86.733871;2.967742;
1969-08-31;235.4;27.441935;20.535484;82.145161;3.311828;
1969-09-30;70.6;28.406667;21.55;76.416667;3.5;
1969-10-31;20.1;29.451613;21.63871;74.693548;3.310753;
1969-11-30;43.3;29.896667;22.38;72.691667;3.733333;
1969-12-31;46.7;30.167742;22.280645;72.870968;2.913978;
1970-01-31;102.2;29.93871;23.106452;76.677419;2.774194;
1970-02-28;113.3;29.892857;23.017857;76.0625;3.571429;
1970-03-31;269.4;29.267742;23.080645;83.354839;2.430108;
1970-04-30;591.3;28.643333;22.383333;86.025;2.755556;
1970-05-31;186.7;28.383871;21.596774;85.056452;3.075269;
1970-06-30;367.8;27.756667;21.576667;86.141667;2.855556;
1970-07-31;503.6;26.767742;20.835484;84.7;3.935484;
1970-08-31;626;26.880645;20.787097;84;4.002151;
1970-09-30;77.2;28.093333;21.426667;79.075;3.888889;
1970-10-31;11.9;29.512903;20.841935;75.733871;2.967742;
1970-11-30;29;30.113333;21.406667;73.625;3.233333;
1970-12-31;33.6;30.580645;22.329032;72.475806;3.860215;
1971-01-31;61.5;30.23871;22.274194;74.120968;null;
1971-02-28;40.9;30.775;22.253571;74.5;null;
1971-03-31;173.1;30.458065;23.122581;78.366667;null;
1971-04-30;190.2;30.173333;22.716667;85.108333;null;
1971-05-31;493.3;28.341935;22.132258;87.91129;null;
1971-06-30;277.5;28.106667;21.936667;86.4;null;
1971-07-31;415.2;27.135484;21.26129;84.983871;null;
1971-08-31;154.9;27.235484;20.477419;80.733871;null;
1971-09-30;170.1;28.066667;21.393333;78.825;null;
1971-10-31;145.9;28.603226;22.1;78.142857;null;
1971-11-30;24.3;29.166667;21.605;77.323529;null;
1971-12-31;11.4;30.082759;21.393103;73.508621;null;
1972-01-31;32.7;31.080645;19.643333;71.612903;null;
1972-02-29;62.1;30.113793;22.582759;75.339286;null;
1972-03-31;156.6;29.845161;22.480645;80.908333;null;
1972-04-30;359.3;29.416667;22.472414;82.908333;null;
1972-05-31;287.1;28.519355;22.270968;87.83871;null;
1972-06-30;338.7;27.973333;21.866667;86.891667;null;
1972-07-31;232;27.767742;21.012903;84.298387;null;
1972-08-31;285.3;27.912903;19.758065;81.516129;null;
1972-09-30;128;28.286667;21.613333;77.15;null;
1972-10-31;72.3;29.393548;22.177419;75.241935;null;
1972-11-30;8.9;30.266667;21.333333;72.5;null;
1972-12-31;39.7;30.529032;23.448387;74.408333;null;
1973-01-31;82.9;30.164516;23.548387;75.733871;2.891304;
1973-02-28;108.3;30.714286;23.564286;75.107143;3.309524;
1973-03-31;201.1;30.867857;23.596552;79.142857;2.91828;
1973-04-30;770.4;29.55;23.76;85.525;2.398889;
1973-05-31;313;29.532258;22.674194;85.685484;2.15914;
1973-06-30;501.2;28.246667;22.893333;87.633333;2.195556;
1973-07-31;422.6;28.170968;22.125806;84.903226;2.847312;
1973-08-31;100.7;28.635484;21.290323;78.951613;3.245161;
1973-09-30;200.4;28.2;21.326667;82.275;3.208889;
1973-10-31;118.6;29.232258;21.83871;76.532258;3.07957;
1973-11-30;23.8;30.486667;21.813333;71.875;4.057778;
1973-12-31;65.6;30.46129;22.429167;72.846774;3.489247;
1974-01-31;210.1;30.164516;22.5;75.927419;2.924731;
1974-02-28;174.5;29.617857;22.732143;78.169643;2.433333;
1974-03-31;323.5;29.590323;23.1;84.241935;2.107527;
1974-04-30;285.3;29.35;22.87;86.25;2.026667;
1974-05-31;454.6;28.806452;22.258065;85.572581;2.243011;
1974-06-30;299.6;27.79;21.86;85.191667;2.693333;
1974-07-31;252.6;26.996774;20.990323;83.225806;3.853763;
1974-08-31;76.1;27.377419;20.732258;80.201613;3.648387;
1974-09-30;121.3;27.603333;21.14;78.766667;3.504444;
1974-10-31;14.8;29.287097;21.574194;74.419355;3.405376;
1974-11-30;15.2;30.343333;21.510345;72.7;3.826667;
1974-12-31;86.3;29.858065;22.293548;75.927419;3.353763;
1975-01-31;87.1;30.109677;22.970968;74.129032;3.421505;
1975-02-28;53;30.967857;22.310714;72.9375;3.322619;
1975-03-31;257.1;30.364516;22.541935;79.370968;2.575269;
1975-04-30;110.6;30.893333;22.373333;77.625;2.641111;
1975-05-31;335.3;28.722581;22.022581;86.024194;2.802151;
1975-06-30;408;27.906667;21.426667;87.633333;2.821111;
1975-07-31;556.2;26.9;21.135484;87.153226;3.515054;
1975-08-31;171.3;27.303226;21.067742;82.717742;3.91828;
1975-09-30;73.3;27.71;21.12;80.975;4;
1975-10-31;17;29.454839;21.512903;75.233871;3.794624;
1975-11-30;34.2;29.87;21.85;73.366667;3.812222;
1975-12-31;134;29.122581;22.235484;77.532258;3.632258;
1976-01-31;47.2;29.590323;21.86129;73.733871;3.777419;
1976-02-29;255.4;29.362069;21.768966;79.387931;2.811494;
1976-03-31;404.5;29.132258;21.851613;84.104839;2.716129;
1976-04-30;236.9;29.126667;21.49;83.708333;2.694444;
1976-05-31;299.7;28.522581;20.935484;84.008065;2.853763;
1976-06-30;293.8;27.976667;20.806667;82.291667;3.39;
1976-07-31;268.5;27.16129;20.290323;82.233871;3.61828;
1976-08-31;61.1;27.667742;19.76129;77.717742;3.569892;
1976-09-30;31.4;28.513333;20.826667;77.608333;3.551111;
1976-10-31;149.2;28.925806;21.612903;78.25;3.048387;
1976-11-30;48.5;29.623333;21.783333;74.916667;3.387778;
1976-12-31;129.4;29.506452;22.483871;76.975806;3.574194;
1977-01-31;74.2;29.990323;23.145161;77.451613;3.427957;
1977-02-28;136.5;29.721429;22.735714;78.276786;3.258333;
1977-03-31;182.2;30.293548;23.235484;77.516129;3.126882;
1977-04-30;223.1;30.273333;23.18;83.941667;1.847778;
1977-05-31;297;29.274194;22.432258;86.129032;1.97957;
1977-06-30;412.5;28.17;22.26;87.691667;2.367778;
1977-07-31;523.8;27.087097;21.558065;85.766129;3.212903;
1977-08-31;133.5;27.867742;20.816129;80.443548;3.008602;
1977-09-30;95.3;28.258621;22.126667;77.896552;3.55;
1977-10-31;109.4;28.709677;22.212903;76.290323;2.952688;
1977-11-30;20.4;29.933333;22.57;73.983333;3.556667;
1977-12-31;52.5;30.490323;23.274194;72.612903;3.524731;
1978-01-31;36;30.341935;23.074194;72.129032;3.5;
1978-02-28;232.7;29.842857;23.435714;79.866071;2.544048;
1978-03-31;283.7;29.351613;22.974194;82.112903;2.352688;
1978-04-30;446.5;29.566667;23;83.45;2.357778;
1978-05-31;260.9;28.970968;22.732258;84.967742;2.019355;
1978-06-30;300.7;27.81;21.64;84.066667;3.375556;
1978-07-31;505.6;27.512903;21.609677;87.491935;2.587097;
1978-08-31;210.6;27.496774;21.116129;82.370968;3.263441;
1978-09-30;291.3;27.583333;21.53;81.516667;3.373333;
1978-10-31;46.6;28.706452;21.832258;76.112903;3.521505;
1978-11-30;60.2;29.083333;22.36;74.683333;3.375556;
1978-12-31;69.2;29.503226;22.032258;75.354839;3.104301;
1979-01-31;78.9;30.196774;23.4;74.5;3.445455;
1979-02-28;136.7;30.121429;22.760714;77.5;2.680597;
1979-03-31;145.3;29.980645;22.658065;79.330645;3.039583;
1979-04-30;115;29.97;22.816667;80.125;2.771429;
1979-05-31;263;28.825806;22.764516;84.91129;2.42;
1979-06-30;418.4;27.634483;21.953333;82.891667;3.461538;
1979-07-31;230.1;27.312903;20.877419;83.024194;3.65;
1979-08-31;128.5;27.351613;20.964516;80.08871;3.416049;
1979-09-30;251.4;27.776667;22.093333;80.646552;null;
1979-10-31;39.9;28.993548;22.151613;75.564516;3.434375;
1979-11-30;65.2;29.703333;22.456667;74.775;3.223404;
1979-12-31;25.6;30.73871;22.426667;73.333333;null;
1980-01-31;63.4;30.53871;23.048387;73.975806;3.161667;
1980-02-29;369.8;29.72069;22.562069;80.301724;2.946429;
1980-03-31;354.6;29.264516;22.635484;80.951613;2.842424;
1980-04-30;152.4;29.196667;22.426667;82.353448;2.994118;
1980-05-31;227;28.435484;22.035484;83.653226;2.665152;
1980-06-30;456.3;27.68;21.663333;85.87931;2.450794;
1980-07-31;140.7;27.903226;20.825806;79.58871;3.058333;
1980-08-31;99.7;27.945161;20.748387;81.169355;3.182667;
1980-09-30;95.2;28.423333;21.226667;78.241379;3.534783;
1980-10-31;130.4;28.541935;21.264516;75.83871;3.617391;
1980-11-30;102.8;29.326667;22.103333;75.008333;2.966667;
1980-12-31;67.2;29.677419;21.883871;76.193548;2.923188;
1981-01-31;195.5;29.590323;22.574194;76.669643;3.327692;
1981-02-28;134.2;29.232143;23.382143;75.714286;3.96875;
1981-03-31;153.9;29.474194;22.906452;82.201613;2.554023;
1981-04-30;108.3;29.353333;22.134483;78.416667;2.939744;
1981-05-31;219.9;28.374194;22.148387;82.846774;3.411236;
1981-06-30;231;27.85;21.35;80.591667;3.457778;
1981-07-31;135;26.980645;20.596774;78.927419;3.976316;
1981-08-31;107.8;27.158065;20.558065;78.58871;4.012791;
1981-09-30;113.6;27.686667;21.4;76.433333;4.335897;
1981-10-31;27.5;29.090323;22.13871;72.758333;3.747619;
1981-11-30;45.6;29.726667;23.02;72.975;3.812162;
1981-12-31;181.9;29.483871;23.841935;76.483333;4.037179;
1982-01-31;210.1;29.464516;22.393548;76.83871;3.466667;
1982-02-28;151.1;29.4;22.335714;79.589286;3.543478;
1982-03-31;89.8;29.825806;22.219355;78.775;2.944286;
1982-04-30;101.6;29.438095;22.516667;83.862069;2.493506;
1982-05-31;353.7;28.690323;22.029032;85.572581;3.198276;
1982-06-30;412.9;28.003333;21.37;85.558333;2.813158;
1982-07-31;306.4;27.535484;21;83.155172;3.365882;
1982-08-31;176.5;27.712903;20.88;81.75;3.416418;
1982-09-30;206.9;28.06;21.063333;80.316667;3.281944;
1982-10-31;18.9;29.290323;21.319355;70.330645;3.549383;
1982-11-30;16.2;29.723333;22.093333;72.358333;3.962963;
1982-12-31;41.3;29.974194;22.976667;73.177419;4.028;
1983-01-31;112.2;30.787097;22.870968;75.637097;3.390323;
1983-02-28;338.5;29.839286;23.625;80.888889;3.164286;
1983-03-31;413.2;30.096774;23.693548;82.274194;2.717204;
1983-04-30;88.2;30.236667;22.773333;null;null;
1983-05-31;183.2;29.493548;22.054839;84.870968;2.633696;
1983-06-30;141.3;28.693333;21.063333;83.801724;2.534831;
1983-07-31;226.7;28.187097;20.541935;83.370968;2.424731;
1983-08-31;165.6;28.16129;21.270968;79.741935;3.5;
1983-09-30;42.1;28.836667;21.303333;76.303571;3.894253;
1983-10-31;112.2;29.212903;21.945161;76.403226;3.555914;
1983-11-30;13.1;29.953333;20.863333;73.441667;3.196629;
1983-12-31;24.5;30.554839;22.290323;72.025;3.670968;
1984-01-31;96.1;30.648387;22.464516;72.423913;3.396739;
1984-02-29;70.3;31.389655;23.382759;70.486111;3.60375;
1984-03-31;119.9;31.403226;23.125806;76.473214;2.691304;
1984-04-30;620.8;29.683333;22.85;85.698276;2.112222;
1984-05-31;522.5;29.012903;22.39;86.660714;2.6;
1984-06-30;265.4;28.563333;21.693333;84.611111;3.102326;
1984-07-31;598.3;27.33;21.190323;85.767857;3.177273;
1984-08-31;375.8;27.574194;21.077419;84.172414;3.223077;
1984-09-30;79.3;28.596667;20.68;80.491667;3.407865;
1984-10-31;84.5;29.133333;21.787097;80.75;3.586813;
1984-11-30;27.8;29.936667;21.976667;76.98;3.777647;
1984-12-31;10.3;31.093548;21.9;74.798387;3.456989;
1985-01-31;67.2;31.654839;23.251613;74.448276;3.244086;
1985-02-28;102.5;30.653571;21.903571;78.0625;null;
1985-03-31;268.4;30.370968;22.541935;80.055556;null;
1985-04-30;385.5;29.488889;22.531034;null;null;
1985-05-31;444.3;29.422581;21.854839;84.583333;2.167949;
1985-06-30;352;28.706667;21.856667;85.008621;2.762921;
1985-07-31;573.3;27.296774;21.380645;86.669355;null;
1985-08-31;137.2;28.048387;21.143333;81.387931;null;
1985-09-30;92;28.09;21.493333;77.172414;3.646067;
1985-10-31;17.4;29.696774;20.954839;72.357143;null;
1985-11-30;31.8;30.16;21.444828;71.439655;null;
1985-12-31;53;30.103226;21.793548;74.943548;3.245652;
1986-01-31;47.5;30.880645;22.174194;72.66129;3.617204;
1986-02-28;212.1;30.175;22.521429;76.87963;2.807895;
1986-03-31;521.4;29.8;22.535484;83.491667;null;
1986-04-30;444;29.45;22.896667;83.833333;2.479775;
1986-05-31;574.8;29.087097;22.26129;84.604839;2.295699;
1986-06-30;445.7;27.476667;21.79;84.34;3.022222;
1986-07-31;472;27.483871;20.883871;86.396552;2.567742;
1986-08-31;356.7;27.725806;20.945161;81.774194;2.998889;
1986-09-30;217;27.966667;21.423333;81.883333;3.73;
1986-10-31;59.4;29.209677;21.516129;76.201613;3.072043;
1986-11-30;42.2;29.534483;23.136667;76.775;3.833333;
1986-12-31;48.3;29.573333;22.38;78.594828;3.112195;
1987-01-31;50.5;30.251613;22.325806;77.653226;null;
1987-02-28;196;30.160714;23.214286;78.633929;null;
1987-03-31;476.5;30.022581;23.11;82.491379;null;
1987-04-30;323;30.076667;23.503333;84.321429;null;
1987-05-31;137.1;30.18;22.36129;82.072581;null;
1987-06-30;443.8;28.88;22.123333;85.883333;null;
1987-07-31;421.4;28.244828;21.79;84.583333;null;
1987-08-31;130.5;28.712903;21.558065;79.983871;null;
1987-09-30;82;28.966667;20.84;78.151786;null;
1987-10-31;161.3;29.09;21.16129;78.214286;null;
1987-11-30;12.2;30.383333;22.389655;75.961538;null;
1987-12-31;12.4;31.041935;22.977419;75.443548;null;
1988-01-31;65.4;31.174194;23.296774;73.508333;null;
1988-02-29;81.9;31.124138;23.168966;70.931034;null;
1988-03-31;156.2;31.848387;23.11;76.782258;null;
1988-04-30;598.1;30.17;23.166667;85.419643;null;
1988-05-31;210.8;29.522581;22.270968;83.322581;null;
1988-06-30;305.2;28.51;21.863333;82.598214;null;
1988-07-31;657.3;27.490323;21.135484;85.12931;null;
1988-08-31;202.7;27.229032;20.632258;82.258065;null;
1988-09-30;78.2;28.124138;21.41;76.025;3.485057;
1988-10-31;27.9;29.725806;22.845161;73.024194;null;
1988-11-30;54;29.84;23.093333;75.625;null;
1988-12-31;59.7;30.245161;22.377419;73.959677;null;
1989-01-31;174.8;30.322581;22.167742;75.475;2.754348;
1989-02-28;36.9;30.846429;22.178571;72.196429;2.918519;
1989-03-31;83.9;31.541935;21.948387;71.405172;2.474157;
1989-04-30;474.4;29.543333;22.806897;87.108333;1.985556;
1989-05-31;317.9;29.354839;22.370968;84.919355;1.758065;
1989-06-30;418.4;28.248276;21.71;86.141667;2.428736;
1989-07-31;538.7;27.070968;21.122581;88.741935;2.605376;
1989-08-31;323.8;27.896774;21.029032;81.435484;3.043011;
1989-09-30;39.7;28.876667;21.246667;77.033333;2.737778;
1989-10-31;66.1;29.322581;21.954839;75.274194;2.854348;
1989-11-30;74.9;29.62963;22.757143;78.9625;2.960526;
1989-12-31;89.4;30.16129;23.519355;78.25;2.750538;
1990-01-31;78.2;29.725806;22.635484;77.362903;3.167742;
1990-02-28;57.1;30.346154;22.203704;78.605769;2.807692;
1990-03-31;26.8;31.490323;22.274194;73.508065;3.106452;
1990-04-30;390.4;30.286667;22.666667;78.966667;2.781111;
1990-05-31;274.7;29.409677;21.358065;83.298387;2.243011;
1990-06-30;453.2;28.183333;21.52;85.208333;2.751685;
1990-07-31;543.8;27.816129;21.222581;85.806452;2.391398;
1990-08-31;382.8;27.725806;20.719355;84.024194;3.126882;
1990-09-30;115.6;28.743333;20.796667;78.833333;3.003333;
1990-10-31;89.2;29.480645;21.909677;76.612069;3.207527;
1990-11-30;36.3;30.623333;22.256667;74.183333;3.361111;
1990-12-31;30.3;30.848387;20.106452;72.322581;3.175281;
1991-01-31;60;30.912903;23.122581;72.927419;3.009677;
1991-02-28;32.8;31.210714;23.207143;72.705357;3.057143;
1991-03-31;143.9;30.767742;22.893548;75.814516;2.773118;
1991-04-30;273.3;30.306667;22.176667;78.1;2.482143;
1991-05-31;536.3;28.958065;22.880645;85.120968;2.924731;
1991-06-30;208.1;28.43;21.996667;84.183333;2.921111;
1991-07-31;355.5;27.170968;21.290323;84.483871;3.16129;
1991-08-31;261.5;27.145161;20.677419;81.258065;3.556989;
1991-09-30;59.2;27.876667;21.056667;77.991667;3.578889;
1991-10-31;170.5;28.151613;21.36129;76.782258;3.307527;
1991-11-30;61.2;29.25;21.3;74.068966;3.065517;
1991-12-31;20.1;30.374194;21.56129;73.048387;2.960215;
1992-01-31;156.5;30.667742;22.551613;74.177419;2.834409;
1992-02-29;348.9;29.651724;23.565517;81.043103;2.811494;
1992-03-31;421.8;29.248387;23.606452;82.112903;2.811828;
1992-04-30;135.4;30.073333;23.276667;77.075;2.495556;
1992-05-31;141.3;29.619355;21.706452;78.032258;2.447312;
1992-06-30;481.2;28;21.48;85.191667;2.57931;
1992-07-31;367.2;27.332258;21.016129;82.91129;3.122581;
1992-08-31;159.8;27.293103;21.096774;82.983871;3.004494;
1992-09-30;146.1;27.796667;21.81;78.4;3.336667;
1992-10-31;42.6;28.854839;21.687097;74.104839;3.411828;
1992-11-30;75;28.563333;22.3;75.841667;3.216667;
1992-12-31;15.5;29.606452;22.832258;73.137097;3.335165;
1993-01-31;49.6;29.909677;23.009677;73.145161;3.608602;
1993-02-28;93.1;30.332143;22.981481;70.026786;3.346753;
1993-03-31;63.5;30.258065;22.674194;71.58871;3.158065;
1993-04-30;135.3;29.986667;22.776667;77.233333;3.071111;
1993-05-31;214.7;28.970968;22.432258;83.282258;2.874194;
1993-06-30;277.9;28.083333;21.47;83.3;2.87191;
1993-07-31;183.6;27.535484;20.616129;83.822581;2.789247;
1993-08-31;161.3;27.983871;20.541935;81.991935;3.327957;
1993-09-30;49.4;28.826667;21.586667;80.3;3.201111;
1993-10-31;34.2;29.787097;22.951613;73.790323;3.707692;
1993-11-30;29.1;30.22;23.953333;71.908333;3.766667;
1993-12-31;34.6;30.703226;23.532258;70.983871;3.658065;
1994-01-31;143.4;30.3;22.93871;74.048387;2.922581;
1994-02-28;96.5;30.8;23.439286;72.169643;3.036905;
1994-03-31;293.5;31.158065;23.458065;76.322581;2.782222;
1994-04-30;232.8;29.923333;22.773333;82.366667;2.453933;
1994-05-31;575;28.783871;22.548387;90.201613;2.118478;
1994-06-30;671.1;28.263333;22.37;90.741667;2.293333;
1994-07-31;287.1;27.764516;21.423333;88.741935;2.913043;
1994-08-31;153.8;27.83871;20.877419;84.862903;3.391398;
1994-09-30;163.7;28.13;21.403333;81.725;3.512222;
1994-10-31;23.4;29.193548;22.409677;74.064516;3.369565;
1994-11-30;15.8;30.09;22.02;71.516667;3.337778;
1994-12-31;32.7;30.454839;23.293548;72.75;3.648387;
1995-01-31;29.8;30.477419;22.429032;72.58871;3.193478;
1995-02-28;124;30.807143;22.453571;73.892857;2.65119;
1995-03-31;214.5;30.958065;22.880645;74.854839;2.913978;
1995-04-30;186.2;30.113333;22.566667;82;2.253333;
1995-05-31;351.3;29.625806;21.974194;83.427419;2.309677;
1995-06-30;525.2;27.817241;20.906667;86.525;2.757778;
1995-07-31;319.6;27.816129;21.132258;83.282258;3.05914;
1995-08-31;46.8;27.903226;19.922581;75.612903;3.448913;
1995-09-30;26.2;28.706667;21.34;72.358333;3.821111;
1995-10-31;27.4;29.745161;22.619355;69.806452;3.363441;
1995-11-30;53.8;29.713333;22.853333;75.391667;3.261111;
1995-12-31;6.5;30.932258;22.367742;71.443548;2.968817;
1996-01-31;159.4;30.429032;23.954839;73.387097;2.991398;
1996-02-29;155;30.341379;23.096552;73.318966;2.828736;
1996-03-31;159.2;30.609677;23.609677;77.572581;2.391463;
1996-04-30;462.7;29.776667;23.443333;85.583333;1.960227;
1996-05-31;232;29.758065;22.387097;82.032258;2.73871;
1996-06-30;236.5;28.206667;21.93;82.216667;3.082222;
1996-07-31;380.4;27.396774;21.583871;85.25;3.030435;
1996-08-31;253.8;27.677419;21.825806;81.451613;3.301111;
1996-09-30;191;28.173333;22.02;78.158333;3.367778;
1996-10-31;33.4;29.632258;23.012903;73.903226;3.267742;
1996-11-30;63.7;29.966667;23.103333;73.491667;3.277778;
1996-12-31;38.2;30.603226;23.154839;72.217742;3.021505;
1997-01-31;30.6;31.164516;23.76129;71.225806;2.891398;
1997-02-28;158.6;30.103571;23.307143;74.928571;3.017857;
1997-03-31;224.4;29.893548;23.464516;79.08871;2.544086;
1997-04-30;362.7;29.603333;22.663333;82.258333;2.291111;
1997-05-31;466.3;28.66129;22.625806;84.056452;2.654839;
1997-06-30;182.2;28.33;20.686667;84.55;1.86092;
1997-07-31;205.4;27.577419;20.545161;82.629032;null;
1997-08-31;130.1;27.322581;21.270968;80.725806;3.010753;
1997-09-30;20.5;28.933333;20.8;74.325;2.665556;
1997-10-31;15.5;30.232258;22.187097;71.645161;2.897849;
1997-11-30;43;30.366667;22.81;70.383333;3.117778;
1997-12-31;71.8;30.777419;23;73.419355;2.622581;
1998-01-31;67.4;31.35;23.732258;74.564516;2.635484;
1998-02-28;42.2;32.121429;24.692857;71.151786;2.857143;
1998-03-31;83.6;32.33871;24.174194;72.991935;3.034409;
1998-04-30;115.9;31.45;23.806667;75.708333;3.142222;
1998-05-31;187.6;29.929032;22.664516;79.895161;2.701087;
1998-06-30;166.6;28.81;21.73;80.475;2.974444;
1998-07-31;169.1;28.309677;21.1;81.08871;2.847312;
1998-08-31;277.8;27.996774;21.129032;81.693548;2.910753;
1998-09-30;52.3;28.723333;21.45;74.675;3.605556;
1998-10-31;55.4;29.5;22.625806;73.306452;3.406452;
1998-11-30;15.8;30.548276;22.896667;72.4;3.225556;
1998-12-31;16;30.993548;23.23871;69.629032;3.330108;
1999-01-31;44.7;30.987097;23.006452;70.830645;2.987097;
1999-02-28;18.8;31.128571;24.146429;70.4375;3.590476;
1999-03-31;196.9;30.63871;23.716129;73.403226;3.051613;
1999-04-30;103.4;30.383333;22.753333;73.8;3.083333;
1999-05-31;306.1;29.345161;22.454839;81.403226;2.407527;
1999-06-30;125.3;28.67;21.626667;80.4;2.741111;
1999-07-31;259.6;27.858065;20.990323;79.306452;3.321505;
1999-08-31;142.2;27.506452;20.151613;79.177419;3.211828;
1999-09-30;72.8;28.23;22.2;75.775;3.483333;
1999-10-31;90.3;29.051613;22.264516;73.322581;3.165591;
1999-11-30;18.9;30.176667;22.81;71.475;3.195556;
1999-12-31;104.9;30.235484;23.848387;73.282258;3.517204;
2000-01-31;276.4;29.945161;22.870968;76.483871;2.656989;
2000-02-29;87.9;30.306897;23.237931;76.87069;2.868966;
2000-03-31;174.1;30.316129;23.219355;74.854839;2.875269;
2000-04-30;435.4;29.616667;23.183333;82.875;2.438889;
2000-05-31;265.4;29.196774;22.287097;82.798387;2.711828;
2000-06-30;562.9;27.93;21.973333;86.016667;2.588889;
2000-07-31;575;27.035484;21.580645;86.841667;2.141935;
2000-08-31;443.4;27.558065;21.248387;81.104839;2.443011;
2000-09-30;336.1;28.216667;21.603333;80.358333;2.561628;
2000-10-31;58.2;29.112903;22.896774;72.983871;3.301136;
2000-11-30;45.1;29.746667;22.366667;73.025;2.976667;
2000-12-31;176;29.33871;22.083871;76.524194;2.341935;
2001-01-31;58.8;29.825806;22.445161;72.4;3.244086;
2001-02-28;56.5;30.871429;23.157143;72;3.228571;
2001-03-31;133.7;30.4;23.16129;76.806452;2.831183;
2001-04-30;327.8;29.606667;22.606667;81.941667;2.614444;
2001-05-31;59.5;29.967742;21.841935;78.306452;2.350538;
2001-06-30;432.4;28.403333;21.52;85.433333;2.492222;
2001-07-31;355.5;27.809677;21.370968;84.024194;2.709677;
2001-08-31;211;27.690323;21.370968;78.024194;3.545161;
2001-09-30;106.3;28.38;22.07;76.958333;3.362222;
2001-10-31;103.7;29.219355;23.258065;78.258065;2.917204;
2001-11-30;32.1;30.003333;23.293333;74.316667;3.163333;
2001-12-31;109;30.164516;24.387097;77.685484;3.668817;
2002-01-31;231.6;29.606452;23.258065;80.887097;2.382796;
2002-02-28;199.5;30.067857;23.514286;77.767857;2.903571;
2002-03-31;409.8;29.819355;23.354839;80.879032;2.629032;
2002-04-30;140.2;29.833333;22.986667;80.025;2.94;
2002-05-31;304.2;29.096774;23.06129;81.935484;2.924731;
2002-06-30;583.5;27.803333;22.236667;84.65;2.722222;
2002-07-31;282.3;27.670968;21.825806;83.322581;2.608602;
2002-08-31;124.2;27.825806;21.158065;77.653226;3.553763;
2002-09-30;42.5;28.656667;21.426667;72.541667;2.98;
2002-10-31;49;29.022581;22.767742;74.112903;3.039785;
2002-11-30;87.7;29.74;22.543333;75.183333;2.945556;
2002-12-31;33.1;30.693548;23.506452;74.024194;2.753763;
2003-01-31;53.3;31.43871;22.583871;73.048387;2.473118;
2003-02-28;158.5;30.514286;23;77.303571;2.640476;
2003-03-31;397.9;30.364516;22.922581;81.532258;2.030108;
2003-04-30;116.1;30.456667;22.73;79.208333;2.37;
2003-05-31;225.9;30.012903;22.606452;81.951613;2.07957;
2003-06-30;474.5;27.986667;21.37;85.95;1.744444;
2003-07-31;282.2;27.445161;21.083871;83.596774;1.911828;
2003-08-31;194.8;27.825806;20.732258;81.322581;2.030108;
2003-09-30;136;28.533333;21.743333;77.35;2.538889;
2003-10-31;52.3;29.483871;22.512903;74.330645;2.550538;
2003-11-30;26.8;30.69;23.256667;72.341667;2.373333;
2003-12-31;51.5;31.306452;23.523333;71.919355;2.678889;
2004-01-31;249.9;30.690323;23.674194;79.177419;1.925843;
2004-02-29;226;30.675862;22.868966;79.189655;1.896512;
2004-03-31;168.8;30.735484;23.193548;77.169355;2.169892;
2004-04-30;378.2;30.09;22.963333;82;1.915556;
2004-05-31;327.7;29.341935;22.23871;86.120968;1.466667;
2004-06-30;537.3;28.293333;21.727586;88;1.614444;
2004-07-31;359.8;27.890323;20.625806;86.08871;1.730108;
2004-08-31;138.9;28.396774;20.012903;82.459677;1.943478;
2004-09-30;81.1;28.643333;21.173333;78.166667;2.52;
2004-10-31;33.6;29.641935;22.16129;73.846774;2.721051;
2004-11-30;18.2;30.55;22.896667;71.058333;2.802222;
2004-12-31;13.2;31.032258;22.735484;69.419355;2.829032;
2005-01-31;14.3;31.467742;23.267742;70.629032;2.684946;
2005-02-28;80.4;31.682143;23.85;74.625;2.457143;
2005-03-31;75.9;31.864516;23.713333;72.591667;2.403261;
2005-04-30;168.1;30.62;23.16;78.308333;2.141111;
2005-05-31;507.1;29.5;22.341935;86.096774;1.702151;
2005-06-30;709;28.366667;21.923333;87.483333;1.666667;
2005-07-31;182.7;28.145161;20.57;81.709677;2.15914;
2005-08-31;290.8;27.654839;20.906452;83.427419;1.953763;
2005-09-30;45.3;28.716667;21.436667;76.1;2.663333;
2005-10-31;59.7;29.674194;21.816129;74.024194;2.683871;
2005-11-30;8.7;30.58;23.255172;70.6;2.766667;
2005-12-31;174.2;30.1;22.913793;73.056452;2.696774;
2006-01-31;12.3;30.609677;23.316129;70.540323;2.785567;
2006-02-28;32.4;31.764286;23.246429;70.491071;2.27619;
2006-03-31;158.2;31.635484;23.012903;74.701613;2.14086;
2006-04-30;322.2;30.603333;22.913333;80.541667;1.628889;
2006-05-31;338;29.732258;22.648387;85.048387;1.823656;
2006-06-30;432.1;28.48;21.963333;83.533333;2.278889;
2006-07-31;222.5;28.422581;21.096774;82.475806;2.162366;
2006-08-31;185.8;28.377419;21.212903;79.701613;2.27957;
2006-09-30;79;29.023333;21.783333;75.016667;2.427778;
2006-10-31;8.7;30.312903;22.777419;69.951613;2.709677;
2006-11-30;84.7;30.776667;23.01;71.034483;2.88802;
2006-12-31;106.4;30.86129;22.812903;73.241667;2.433696;
2007-01-31;83.5;30.867742;23.087097;74.983871;2.162688;
2007-02-28;226.7;31.621429;23.217857;75.571429;2.190476;
2007-03-31;138.7;30.406452;23.254839;77.959677;2.149008;
2007-04-30;347.3;30.316667;22.666667;80.466667;1.724444;
2007-05-31;208.2;29.683871;22.506452;83.854839;1.568817;
2007-06-30;390.8;28.36;21.710345;84.216667;1.601111;
2007-07-31;331;28.290323;20.987097;83.612903;1.722581;
2007-08-31;223.7;27.735484;21.619355;81.193548;2.22043;
2007-09-30;127.1;27.716667;21.653333;79.466667;2.38;
2007-10-31;25.6;28.948387;22.187097;74.064516;2.787097;
2007-11-30;40;30.216667;23.146429;71.808333;2.656667;
2007-12-31;30.6;30.664516;23.45;70.564516;2.637634;
2008-01-31;85.7;30.358065;23.441935;72.604839;2.382796;
2008-02-29;32.3;31.796552;23.003448;69.224138;2.372414;
2008-03-31;395.4;30.96129;23.154839;77.475806;1.529032;
2008-04-30;314.2;30.436667;21.860714;82.206897;1.255056;
2008-05-31;415.7;29.345161;21.7;84.185484;1.545161;
2008-06-30;391.8;28.096667;21.086667;86.033333;1.674444;
2008-07-31;374.3;27.190323;20.8;85.241935;1.956989;
2008-08-31;294.4;27.412903;20.480645;84.854839;1.804301;
2008-09-30;47.6;28.526667;22.376667;77.975;2.231111;
2008-10-31;53.6;29.3;23.077419;74.854839;2.82043;
2008-11-30;16;30.476667;23.116667;69.291667;2.73;
2008-12-31;18.3;31.090323;22.951613;68.83871;2.779116;
2009-01-31;85.2;31.093548;23.045161;70.016129;2.713978;
2009-02-28;376.1;29.992857;23.051852;78.803571;1.965476;
2009-03-31;142.8;31.16129;22.874194;75.790323;1.932258;
2009-04-30;351.8;30.396667;23.096667;83.408333;1.091011;
2009-05-31;410.1;29.432258;23.083871;87.685484;1.064516;
2009-06-30;333;28.473333;22.373333;86.375;1.664444;
2009-07-31;386.8;28.27;22.013333;85.717742;1.693478;
2009-08-31;290.2;28.377419;21.729032;82.290323;2.153763;
2009-09-30;83.5;28.99;22.406667;77.616667;2.26;
2009-10-31;16.3;30.393548;21.829032;71.35;2.346739;
2009-11-30;49.9;30.834483;23.223333;69.982759;2.731461;
2009-12-31;47.8;31.041935;23.696774;72.975806;2.445161;
2010-01-31;193.4;30.112903;23.296774;79.435484;1.817204;
2010-02-28;45.2;31.296429;24.346429;75.973214;2.14746;
2010-03-31;92.7;32.287097;23.367742;75.266129;1.894624;
2010-04-30;273.3;31.016667;23.406667;82.408333;1.768889;
2010-05-31;114.3;30.332258;22.716667;82.967742;1.593548;
2010-06-30;543.9;29.116667;22.62;85.325;1.703333;
2010-07-31;259.4;28.167742;21.52;84.056452;1.895699;
2010-08-31;191.2;27.525806;20.573333;82.991935;2.06129;
2010-09-30;74.3;28.216667;21.639286;75.608333;2.665556;
2010-10-31;37.4;29.974194;22.764516;72.701613;2.477419;
2010-11-30;23.5;30.74;23.033333;67.8;2.564444;
2010-12-31;84.8;30.967742;22.916129;70.274194;2.441935;
2011-01-31;139.3;30.409677;22.970968;74.620968;2.135484;
2011-02-28;336.6;30.557143;22.935714;74.196429;2.071429;
2011-03-31;129.5;31.529032;22.709677;74.33871;1.645161;
2011-04-30;647.4;29.686667;22.4;82.575;1.451111;
2011-05-31;755.7;28.93871;22.258065;86.701613;1.606452;
2011-06-30;303.9;28.4;21.443333;84.541667;1.816667;
2011-07-31;544.4;27.43871;20.919355;86.032258;1.580645;
2011-08-31;201.8;28.051613;20.196774;79.725806;1.919355;
2011-09-30;35.7;28.436667;20.93;74.583333;2.447778;
2011-10-31;34.6;29.709677;22.029032;71.766129;2.478495;
2011-11-30;75;30.13;22.333333;71.1;2.525556;
2011-12-31;41.8;30.93871;22.758065;69.806452;2.415054;
2012-01-31;198.6;30.233333;22.280645;74.403226;2.125;
2012-02-29;189.8;29.906897;22.613793;73.603448;2.487356;
2012-03-31;138.8;30.648387;22.422581;73.08871;2.182342;
2012-04-30;55.8;30.473333;21.653333;74.1;2.064444;
2012-05-31;190.2;29.822581;21.019355;75.608333;1.731111;
2012-06-30;296.5;28.7;20.748276;82.441667;1.548315;
2012-07-31;261.7;27.990323;20.687097;79.951613;1.884946;
2012-08-31;163.5;27.467742;20.332258;80.169355;2.270652;
2012-09-30;19.7;28.583333;21.106667;71.6;2.561111;
2012-10-31;54.4;29.206452;22.096774;71.362903;2.709677;
2012-11-30;9.9;31.043333;22.716667;66.058333;2.552222;
2012-12-31;25.1;31.145161;23.696552;67.580645;2.496774;
2013-01-31;95.7;31.241935;22.86129;70.379032;2.329032;
2013-02-28;47.7;31.717857;23.45;68.6875;2.558333;
2013-03-31;98.8;31.632258;23.806452;71.354839;2.219355;
2013-04-30;229;31.613333;22.733333;74.4;1.843333;
2013-05-31;316.9;29.843333;22.274194;80.75;1.438462;
2013-06-30;491.4;28.82;21.71;86.291667;1.303333;
2013-07-31;416.4;27.970968;21.254839;84.596774;1.307609;
2013-08-31;225.3;28.077419;21.593548;80.459677;1.930108;
2013-09-30;146;28.476667;22.016667;78.866667;2.311111;
2013-10-31;129.2;29.5;22.793548;75.524194;2.23871;
2013-11-30;76.5;29.963333;23.173333;76.983333;2.187778;
2013-12-31;177.3;30.73871;23.193333;74.483871;2.411828;
2014-01-31;108.9;30.432258;22.63;73.858333;2.184783;
2014-02-28;148.2;30.546429;22.560714;77.571429;1.760714;
2014-03-31;252.4;30.93871;23.241935;79.370968;1.822581;
2014-04-30;268.5;31.27;23.17;77.066667;1.467778;
2014-05-31;315.1;29.580645;22.345161;83.314516;1.309677;
2014-06-30;322.8;28.566667;21.633333;82.083333;1.707778;
2014-07-31;278.9;28.206452;21.216129;82.274194;1.751613;
2014-08-31;162.2;28;20.709677;80.709677;1.851613;
2014-09-30;248.9;28.473333;21.443333;80.283333;1.895556;
2014-10-31;146.5;29.132258;22.570968;78.258065;2.149462;
2014-11-30;56;30.506667;22.49;73.308333;1.886037;
2014-12-31;71.3;30.754839;22.83871;73.427419;1.952688;
2015-01-31;65.4;30.873333;22.726667;71.431034;2.240909;
2015-02-28;56.2;31.646429;23.307143;71.419643;1.997619;
2015-03-31;341.2;30.574194;22.812903;76.580645;1.607527;
2015-04-30;74.6;31.63;22.41;73.641667;1.592222;
2015-05-31;178.9;30.764516;22.203226;77.306452;1.44086;
2015-06-30;460.5;29.02;21.616667;83.516667;1.146667;
2015-07-31;446.3;28.067742;21.336667;85.991667;1.541758;
2015-08-31;116;28.531034;20.912903;79.758621;1.857303;
2015-09-30;35.1;29.813333;21.596667;73.658333;1.998889;
2015-10-31;16.6;30.135484;22.583871;70.427419;2.268817;
2015-11-30;30.6;31.406667;22.786667;68.741667;2.274444;
2015-12-31;91.8;31.241935;23.558065;69.725806;2.095699;
2016-01-31;124;31.316129;23.751613;73.185484;1.56129;
2016-02-29;70;31.4;23.882143;74.366071;1.656098;
2016-03-31;265.1;31.425806;23.822581;75.758065;1.660215;
2016-04-30;293.6;30.653333;23.716667;79.233333;1.607778;
2016-05-31;478.3;29.619355;22.493548;82.120968;1.24086;
2016-06-30;148.5;29.1;21.306667;80.905172;null;
2016-07-31;111.3;28.380645;20.835484;81.266129;null;
2016-08-31;58.3;28.922581;20.603226;77.298387;null;
2016-09-30;58.2;29.783333;21.7;73.725;null;
2016-10-31;14.1;31.16129;22.522581;70.290323;null;
2016-11-30;17.3;31.996667;22.993333;70.183333;null;
2016-12-31;68;31.893548;22.732258;70.814516;null;
2017-01-31;28.7;31.864516;23.393548;69.145161;null;
2017-02-28;21.1;32.582143;23.614286;67.767857;null;
2017-03-31;156.2;31.5;23.419355;74.322581;1.754286;
2017-04-30;289.9;30.846667;22.79;80.441667;1.425556;
2017-05-31;399.4;29.877419;22.093548;83.572581;1.28172;
2017-06-30;489.8;28.98;21.896667;86.483333;1.528889;
2017-07-31;490.5;27.680645;20.929032;86.830645;1.954839;
2017-08-31;112.1;28.377419;20.2;82.383333;1.550549;
2017-09-30;84.1;28.67;21.263333;78.65;2.493333;
2017-10-31;63.1;29.86129;22.154839;76.208333;2.321739;
2017-11-30;14.8;31.676667;22.273333;71.125;2.297778;
2017-12-31;30.3;32.154839;22.912903;72.129032;2.278495;
2018-01-31;153.6;31.358065;22.809677;72.66129;2.212903;
2018-02-28;146.2;31.35;23.025;77.1875;1.844048;
2018-03-31;120.6;31.606452;22.683333;76.691667;1.57033;
2018-04-30;484;29.68;22.57;85.62069;1.096629;
2018-05-31;231.6;29.929032;21.845161;82.583333;1.436264;
2018-06-30;143;29.046667;20.583333;83.008333;1.473333;
2018-07-31;135.3;28.080645;20.183871;82.298387;1.686022;
2018-08-31;98.4;28.548387;20.277419;80.048387;1.96129;
2018-09-30;58.5;28.9;21.113333;78.058333;2.160674;
2018-10-31;23.8;30.577419;22.296774;72.395161;2.326882;
2018-11-30;37.8;31.36;23.113333;71.933333;2.391111;
2018-12-31;74.5;31.667742;22.687097;72.032258;2.05914;
2019-01-31;141.3;30.974194;22.732258;77.175;1.986957;
2019-02-28;117.1;31.278571;23.164286;80.732143;1.321429;
2019-03-31;158.9;31.870968;22.819355;81.572581;1.331183;
2019-04-30;290.8;31.02;22.053333;85.325;1.013333;
2019-05-31;213.5;30.529032;21.612903;87.225806;.953763;
2019-06-30;463.4;29.246667;20.303333;84.041667;1.317778;
2019-07-31;432;28.36129;19.622581;88.580645;1.33913;
2019-08-31;183;28.222581;19.270968;84.943548;1.706452;
2019-09-30;109.5;29.02;20.293333;82.016667;1.741111;
2019-10-31;59.2;29.925806;20.858065;78.653226;1.822581;
2019-11-30;4.5;31.466667;22.003333;69.025;2.192135;
2019-12-31;22.2;31.76129;22.003226;67.91129;1.929348;
2020-01-31;56.6;32.141935;22.616129;70.806452;1.795699;
2020-02-29;84.5;32.082759;22.613793;73.672414;1.331034;
2020-03-31;155;32.314815;22.53871;76.625;.96044;
2020-04-30;256;31.186667;21.876667;82.208333;.81;
2020-05-31;247.1;29.983871;21.377419;85.2;.769892;
2020-06-30;330.2;29.208696;20.486207;82.771739;.984337;
2020-07-31;186.9;28.64;19.165517;81.689655;1.262716;
2020-08-31;105.8;null;18.851613;null;1.869949;
2020-09-30;62.4;null;19.956;null;2.170937;

